date,URL,description
2026/05/01 09:19:00,https://inuclo.com/wp-includes/assets/netflix/login.html,Netflix
2026/05/01 10:14:00,https://uffzuoynym.top/jp/,SAISON CARD
2026/05/01 10:17:00,https://hzjialin.com/jp,SAISON CARD
2026/05/01 10:17:00,https://kolleksiz.com/jp,SAISON CARD
2026/05/01 10:21:00,https://gdguangfu.com/olpa/connect/index#/,SAISON CARD
2026/05/01 10:21:00,https://store-oubo.com/olpa/connect/index#/,SAISON CARD
2026/05/01 10:28:00,https://dominiosyhospedajes.com/ywykriba/,SAISON CARD
2026/05/01 10:28:00,https://querovideo.com/ywykriba/,SAISON CARD
2026/05/01 09:11:00,https://edu-journals.com/dmmf,Apple Account
2026/05/01 09:11:00,https://vip-ayxsports.com/veifdhfation/,Apple Account
2026/05/01 09:11:00,https://starsports-app.com/dmmf,Apple Account
2026/05/01 10:48:00,https://ataleta.com/rakuten/,楽天カード
2026/05/01 10:48:00,https://athlsta.com/rakuten/,楽天カード
2026/05/01 10:48:00,https://qthleta.com/rakuten?RN53kQ,楽天カード
2026/05/01 10:48:00,https://qthleta.com/rakuten/,楽天カード
2026/05/01 11:14:00,https://resinronak.com/dwwxfocm/,JCB
2026/05/01 11:22:00,http://203.189.235.145:8158/?gbook/#/,中国農業銀行
2026/05/01 11:34:00,https://5914lp.mobi/information/notice,ビューカード
2026/05/01 11:34:00,https://5914lp.mobi/information/notice/,ビューカード
2026/05/01 11:34:00,https://hk46hm.mobi/information/notice,ビューカード
2026/05/01 11:34:00,https://hk46hm.mobi/information/notice/,ビューカード
2026/05/01 11:34:00,https://qs1d5z.mobi/information/notice,ビューカード
2026/05/01 11:34:00,https://qs1d5z.mobi/information/notice/,ビューカード
2026/05/01 11:34:00,https://sz1vhb.mobi/information/notice,ビューカード
2026/05/01 11:34:00,https://sz1vhb.mobi/information/notice/,ビューカード
2026/05/01 11:51:00,https://rpjnu.com/?sid=xjpjcde6y42i63q,三井住友カード
2026/05/01 11:51:00,https://vzcuea.com/?sid=xjpjcde6y42i63q,三井住友カード
2026/05/01 11:49:00,https://e-stat.8mpf2yml.shop/oo6z309q,総務省
2026/05/01 11:49:00,https://e-stat.26rni3t0.shop/2xj3nsrm,総務省
2026/05/01 11:49:00,https://e-stat.26mwt3v0.shop/2xj3nsrm,総務省
2026/05/01 11:49:00,https://e-stat.9g4icuky.shop/oo6z309q,総務省
2026/05/01 11:49:00,https://e-stat.88vj90ot.shop/,総務省
2026/05/01 11:49:00,https://e-stat.e3ed5msd.shop/,総務省
2026/05/01 11:49:00,https://e-stat.6v8hsntc.shop/,総務省
2026/05/01 11:49:00,https://e-stat.dcrj1bfm.shop/,総務省
2026/05/01 11:49:00,https://e-stat.6myj0ns8.shop/,総務省
2026/05/01 11:49:00,https://e-stat.e4dporg2.shop/,総務省
2026/05/01 11:49:00,https://e-stat.dcch5jvl.shop/,総務省
2026/05/01 11:49:00,https://e-stat.75lcvzk6.shop/,総務省
2026/05/01 13:20:00,https://lxagm.ezisxg.cn/htopen/mesber/index,えきねっと
2026/05/01 13:20:00,https://lxagm.ezisxg.cn/htopen/mesber/index/,えきねっと
2026/05/01 13:20:00,https://ylllhfzk.n38a2c.cn/htopen/mesber/index,えきねっと
2026/05/01 13:20:00,https://ylllhfzk.n38a2c.cn/htopen/mesber/index/,えきねっと
2026/05/01 13:20:00,https://oktucxw.nmdt.org.cn/htopen/mesber/index,えきねっと
2026/05/01 13:20:00,https://oktucxw.nmdt.org.cn/htopen/mesber/index/,えきねっと
2026/05/01 13:20:00,https://trstj.pdxrl.cn/htopen/mesber/index,えきねっと
2026/05/01 13:20:00,https://trstj.pdxrl.cn/htopen/mesber/index/,えきねっと
2026/05/01 13:20:00,https://tomijfv.vvytx.cn/htopen/mesber/index,えきねっと
2026/05/01 13:20:00,https://tomijfv.vvytx.cn/htopen/mesber/index/,えきねっと
2026/05/01 12:51:00,https://www.gmo.bixocpnet.com/rC6XNm,GMOあおぞらネット銀行
2026/05/01 12:51:00,https://www.gmo.vanbowdisk.com/rC6XNm,GMOあおぞらネット銀行
2026/05/01 12:51:00,https://www.gmo.yhljwlkj.com/rC6XNm,GMOあおぞらネット銀行
2026/05/01 16:31:00,https://agnesscottsummersportscamps.com/jp/,Apple Account
2026/05/01 16:31:00,http://agnesscottsummersportscamps.com/jp/,Apple Account
2026/05/01 16:31:00,https://agnesscottsummersportscamps.com/jp,Apple Account
2026/05/01 17:18:00,https://mgrirpwrjgjrgj897888.vip/pwhbsgfc/,楽天カード
2026/05/01 17:21:00,https://89262.eu.cc/my-rekuten/?t=1777596382497,楽天カード
2026/05/01 17:21:00,https://89262.eu.cc/my-rekuten/?t=1777596144292,楽天カード
2026/05/01 17:40:00,https://alpdpcb.drspqu.cn/iiufhys/eorio/loging/,オリコ
2026/05/01 17:40:00,https://sjxrql.shtssjy.cn/iiufhys/eorio/loging/,オリコ
2026/05/01 17:42:00,https://vokmjst.loshtl.cn/pkkjp/aenop/potyunde,日本郵便
2026/05/01 17:42:00,https://oqbbiu.vvanyd.cn/pkkjp/aenop/potyunde,日本郵便
2026/05/01 17:42:00,https://cvreens.xjckub.cn/pkkjp/aenop/potyunde,日本郵便
2026/05/01 17:42:00,https://ysaaxwglk.xsgdpp.cn/pkkjp/aenop/potyunde,日本郵便
2026/05/01 15:32:00,https://aspgttevxgvct.com/data/3dFjqHX9bYsp.json,Amazon
2026/05/01 15:32:00,https://www.policetrainingonline.com/,Amazon
2026/05/01 17:57:00,https://zone-kering.com/wftxfyti/,日本郵便
2026/05/01 17:59:00,https://meta-trustprofx.com/wftxfyti/,日本郵便
2026/05/07 10:11:00,https://qdzsamc.com/?type=verify&key=vqacsvmisb,SAISON CARD
2026/05/07 10:11:00,https://zfhcbj.com/?type=verify&key=rlypfivhla,SAISON CARD
2026/05/07 10:27:00,https://abmarifppb.top/jp,SAISON CARD
2026/05/07 10:27:00,https://cwosolvuorlm.top/jp,SAISON CARD
2026/05/07 10:27:00,https://duyshljuhw.top/jp,SAISON CARD
2026/05/07 10:27:00,https://hpgrozyeudi.top/jp,SAISON CARD
2026/05/07 10:27:00,https://jlcpzushr.top/jp,SAISON CARD
2026/05/07 10:27:00,https://rnecuogg.top/jp,SAISON CARD
2026/05/07 10:27:00,https://tgklkxikehq.top/jp,SAISON CARD
2026/05/07 10:27:00,https://vgokpoywnduv.top/jp,SAISON CARD
2026/05/07 10:27:00,https://wrlkovjy.top/jp,SAISON CARD
2026/05/07 10:27:00,https://ypgyvlgaogr.top/jp,SAISON CARD
2026/05/07 10:27:00,https://zhexhvksyvn.top/jp,SAISON CARD
2026/05/07 10:35:00,https://sxjchg.com/uzktdukd/,SAISON CARD
2026/05/07 11:20:00,https://jsclwl.com/visit/y3xRuznNDdqPjnUxNnWE,三井住友カード
2026/05/07 11:20:00,https://ntkch.com/visit/y3xRuznNDdqPjnUxNnWE,三井住友カード
2026/05/07 11:20:00,https://nxxwang.com/visit/y3xRuznNDdqPjnUxNnWE,三井住友カード
2026/05/07 11:09:00,https://yzcvxjop.ekzhwp.cn/iiufhys/eorio/loging/,オリコ
2026/05/07 11:09:00,https://unjfdd.hjmtkf.cn/iiufhys/eorio/loging/,オリコ
2026/05/07 11:09:00,https://rtzfkii.kqhmm.cn/iiufhys/eorio/loging/,オリコ
2026/05/07 11:09:00,https://xrnjnfsj.lxtvwo.cn/iiufhys/eorio/loging/,オリコ
2026/05/07 11:09:00,https://noheqqn.mmsma.cn/iiufhys/eorio/loging/,オリコ
2026/05/07 11:09:00,https://mfguolgb.ogsaa.cn/iiufhys/eorio/loging/,オリコ
2026/05/07 11:09:00,https://dmlnad.secynk.cn/iiufhys/eorio/loging/,オリコ
2026/05/07 11:09:00,https://zjncjb.shaafkj.cn/iiufhys/eorio/loging/,オリコ
2026/05/07 11:09:00,https://fqdksnvx.shblqgs.cn/iiufhys/eorio/loging/,オリコ
2026/05/07 11:09:00,https://xmjgrxb.ttmxqw.cn/iiufhys/eorio/loging/,オリコ
2026/05/07 11:09:00,https://pdrjtcyu.vougo.cn/iiufhys/eorio/loging/,オリコ
2026/05/07 11:28:00,https://hbhuat.com/ursnyqke/,三井住友カード
2026/05/07 12:17:00,https://uvfbvgc.cnxphkwj.cn/htopen/mesber/index,えきねっと
2026/05/07 12:17:00,https://uvfbvgc.cnxphkwj.cn/htopen/mesber/index/,えきねっと
2026/05/07 12:17:00,https://azxwdurl.efpxtdb.cn/htopen/mesber/index,えきねっと
2026/05/07 12:17:00,https://azxwdurl.efpxtdb.cn/htopen/mesber/index/,えきねっと
2026/05/07 12:17:00,https://aybmfjy.gaoxgpy.cn/htopen/mesber/index,えきねっと
2026/05/07 12:17:00,https://aybmfjy.gaoxgpy.cn/htopen/mesber/index/,えきねっと
2026/05/07 12:17:00,https://ylgokr.mgcpn.cn/htopen/mesber/index,えきねっと
2026/05/07 12:17:00,https://ylgokr.mgcpn.cn/htopen/mesber/index/,えきねっと
2026/05/07 12:17:00,https://lpqcbt.ngzfsq.cn/htopen/mesber/index,えきねっと
2026/05/07 12:17:00,https://lpqcbt.ngzfsq.cn/htopen/mesber/index/,えきねっと
2026/05/07 12:17:00,https://xlymmto.odubv.cn/htopen/mesber/index,えきねっと
2026/05/07 12:17:00,https://xlymmto.odubv.cn/htopen/mesber/index/,えきねっと
2026/05/07 12:17:00,https://lsexbdph.pinlite.cn/htopen/mesber/index,えきねっと
2026/05/07 12:17:00,https://lsexbdph.pinlite.cn/htopen/mesber/index/,えきねっと
2026/05/07 12:17:00,https://dgwqplij.shaadkj.cn/htopen/mesber/index,えきねっと
2026/05/07 12:17:00,https://dgwqplij.shaadkj.cn/htopen/mesber/index/,えきねっと
2026/05/07 12:17:00,https://fhlgxagmxa.tmkux4.cn/htopen/mesber/index,えきねっと
2026/05/07 12:17:00,https://fhlgxagmxa.tmkux4.cn/htopen/mesber/index/,えきねっと
2026/05/07 12:17:00,http://lrfnb.zezpj.cn/htopen/mesber/index,えきねっと
2026/05/07 12:17:00,http://lrfnb.zezpj.cn/htopen/mesber/index/,えきねっと
2026/05/07 12:17:00,https://azeuzxj.zlqkyq.cn/htopen/mesber/index,えきねっと
2026/05/07 12:17:00,https://azeuzxj.zlqkyq.cn/htopen/mesber/index/,えきねっと
2026/05/07 13:29:00,https://cralpt.fgsps.cn/pkkjp/aenop/potyunde/,日本郵便
2026/05/07 14:58:00,https://qewvvtw.info/miglvkcy/,au
2026/05/07 14:58:00,https://vgrfecp.info/miglvkcy/,au
2026/05/07 14:58:00,https://fashpnn.info/miglvkcy/,au
2026/05/07 14:58:00,https://ezatxph.info/miglvkcy/,au
2026/05/07 14:58:00,https://vmsuzid.info/miglvkcy/,au
2026/05/07 14:58:00,https://ozxkjvu.info/miglvkcy/,au
2026/05/07 14:46:00,https://www.rkgdj.com/2opb49H7,三井住友カード
2026/05/07 14:49:00,https://dgxcsc.com/invite/EY9uPhNIYa/accept,三井住友カード
2026/05/07 15:33:00,https://nbzhgl.com/mercari/pIyIkC,メルカリ
2026/05/07 15:33:00,https://wxolm.com/mercari/pIyIkC,メルカリ
2026/05/07 15:33:00,https://wxylzz.com/mercari/pIyIkC,メルカリ
2026/05/07 15:33:00,https://zcmds.com/mercari/pykQlm,メルカリ
2026/05/07 15:42:00,https://www.ramirezpi.com/uzktdukd/,SAISON CARD
2026/05/07 15:44:00,https://uc-card.nmbcv.com/%F0%9D%90%A2%F0%9D%90%A7%F0%9D%90%9D%F0%9D%90%9E%F0%9D%90%B1.%F0%9D%90%A1%F0%9D%90%AD%F0%9D%90%A6%F0%9D%90%A5,UC Card
2026/05/07 16:21:00,https://nxrgdqjin.cs134092.cn/pkkjp/aenop/potyunde,日本郵便
2026/05/07 16:21:00,https://lupslga.ewsjy.cn/pkkjp/aenop/potyunde,日本郵便
2026/05/07 16:21:00,https://rdnd.frgcd.cn/pkkjp/aenop/potyunde/,日本郵便
2026/05/07 16:21:00,https://rqvzkqb.shbllgs.cn/pkkjp/aenop/potyunde/,日本郵便
2026/05/07 16:21:00,https://jcvnnx.swlewig.cn/pkkjp/aenop/potyunde,日本郵便
2026/05/07 16:21:00,https://iwkbat.trender.com.cn/pkkjp/aenop/potyunde,日本郵便
2026/05/07 16:21:00,https://mxkflx.xmyx154564.cn/pkkjp/aenop/potyunde,日本郵便
2026/05/07 16:21:00,https://ouqtarr.yknqm.cn/pkkjp/aenop/potyunde,日本郵便
2026/05/07 16:21:00,https://nwxtmrk.zqddeie.cn/pkkjp/aenop/potyunde,日本郵便
2026/05/07 16:22:00,https://accounting.service.lsmauto-staging.com/info/rkt/,楽天
2026/05/07 16:26:00,https://metay.eu.cc/69f7586b-5a34-8321-a50a-c391feaa25e3/Corec/ChaCha20/Text/wp2/,楽天カード
2026/05/07 16:27:00,https://verification-doc.com.es/JB/rak0w/,楽天
2026/05/07 17:35:00,https://gsxlicny.bjapmmk.cn/yual_login_exp/getuug/,DHL
2026/05/07 17:35:00,https://csudubxs.zimxfxq.cn/yual_login_exp/getuug/,DHL
2026/05/07 17:40:00,https://lcatscpzx.cz592401.cn/optmer-prefere_html,Amazon
2026/05/07 17:38:00,https://mhqajiz.bl8cz6.cn/apusetop/jupindx/,Apple Account
2026/05/08 10:02:00,https://ebmjeux.info/pocjdh/,Apple Account
2026/05/08 10:02:00,https://gklddee.info/kaplpa/,Apple Account
2026/05/08 10:02:00,https://xyohe3.info/mfjxhw/,Apple Account
2026/05/08 10:02:00,https://4pru74.info/mfjxhw/,Apple Account
2026/05/08 10:05:00,https://multiauto-galilei.pt/webmmail/login.php,エックスサーバー
2026/05/08 10:11:00,https://sybhsw.com/hhbhpdjk/,Apple Account
2026/05/08 10:16:00,https://hbyxgsl.com/niiwxoz/CSUB/TQ/seGhcTSBpfR1hV/jpg,Apple Account
2026/05/08 10:16:00,https://sjzxsls.com/kaayjfug/LhI3KwVOEAsUVEFBW0Z/dG/GFQeHNneA/jpg,Apple Account
2026/05/08 10:58:00,https://bmgxsw.com/views/UoY2uJpP2dYSFt6rUzWn.aspx,えきねっと
2026/05/08 10:58:00,https://djjaydev.com/views/UoY2uJpP2dYSFt6rUzWn.aspx,えきねっと
2026/05/08 10:58:00,https://ekowoman.com/views/UoY2uJpP2dYSFt6rUzWn.aspx,えきねっと
2026/05/08 11:10:00,https://allbabygear.com/index.html/iewe.jp/,ビューカード
2026/05/08 11:10:00,https://yasuor.com/kiasasm/,SAISON CARD
2026/05/08 11:18:00,https://buguaboacoxp.top/jp,SAISON CARD
2026/05/08 11:18:00,https://kspsxywjnd.top/jp,SAISON CARD
2026/05/08 11:18:00,https://mxmtcdxmfg.top/jp,SAISON CARD
2026/05/08 11:05:00,https://jr-east.gfhtyhonline.com/%F0%9D%90%A2%F0%9D%90%A7%F0%9D%90%9D%F0%9D%90%9E%F0%9D%90%B1.%F0%9D%90%A1%F0%9D%90%AD%F0%9D%90%A6%F0%9D%90%A5,ビューカード
2026/05/08 13:06:00,https://ekinet-jregaiuy.help/login_index,えきねっと
2026/05/08 13:06:00,https://ekinet-jregaiuy.help/login_index/,えきねっと
2026/05/08 13:06:00,https://ekinet-jreganuy.help/login_index,えきねっと
2026/05/08 13:06:00,https://ekinet-jreganuy.help/login_index/,えきねっと
2026/05/08 13:06:00,https://ekinet-jregaouy.help/login_index,えきねっと
2026/05/08 13:06:00,https://ekinet-jregaouy.help/login_index/,えきねっと
2026/05/08 13:06:00,https://ekinet-jregaruy.help/login_index,えきねっと
2026/05/08 13:06:00,https://ekinet-jregaruy.help/login_index/,えきねっと
2026/05/08 13:06:00,https://ekinet-jregary.help/login_index,えきねっと
2026/05/08 13:06:00,https://ekinet-jregary.help/login_index/,えきねっと
2026/05/08 13:06:00,https://ekinet-jregatuy.help/login_index,えきねっと
2026/05/08 13:06:00,https://ekinet-jregatuy.help/login_index/,えきねっと
2026/05/08 13:06:00,https://ekinet-jregery.help/login_index,えきねっと
2026/05/08 13:06:00,https://ekinet-jregery.help/login_index/,えきねっと
2026/05/08 13:06:00,https://ekinet-jregnry.help/login_index,えきねっと
2026/05/08 13:06:00,https://ekinet-jregnry.help/login_index/,えきねっと
2026/05/08 13:06:00,https://ekinet-jregory.help/login_index,えきねっと
2026/05/08 13:06:00,https://ekinet-jregory.help/login_index/,えきねっと
2026/05/08 13:06:00,https://ekinet-jregray.help/login_index,えきねっと
2026/05/08 13:06:00,https://ekinet-jregray.help/login_index/,えきねっと
2026/05/08 13:06:00,https://ekinet-jregrey.help/login_index,えきねっと
2026/05/08 13:06:00,https://ekinet-jregrey.help/login_index/,えきねっと
2026/05/08 13:06:00,https://ekinet-jregriy.help/login_index,えきねっと
2026/05/08 13:06:00,https://ekinet-jregriy.help/login_index/,えきねっと
2026/05/08 13:06:00,https://ekinet-jregroup.help/login_index,えきねっと
2026/05/08 13:06:00,https://ekinet-jregroup.help/login_index/,えきねっと
2026/05/08 13:06:00,https://ekinet-jregroy.help/login_index,えきねっと
2026/05/08 13:06:00,https://ekinet-jregroy.help/login_index/,えきねっと
2026/05/08 13:06:00,https://ekinet-jregruy.help/login_index,えきねっと
2026/05/08 13:06:00,https://ekinet-jregruy.help/login_index/,えきねっと
2026/05/08 13:06:00,https://ekinet-jregury.help/login_index,えきねっと
2026/05/08 13:06:00,https://ekinet-jregury.help/login_index/,えきねっと
2026/05/08 13:15:00,https://jr-east.gfhtyhonline.com/%F0%9D%90%A2%F0%9D%90%A7%F0%9D%90%9D%F0%9D%90%9E%F0%9D%90%B1.%F0%9D%90%A1%F0%9D%90%AD%F0%9D%90%A6%F0%9D%90%A5,ビューカード
2026/05/08 13:33:00,https://iahuyne.52banquan.cn/iiufhys/eorio/loging/,オリコ
2026/05/08 13:33:00,http://cqizvybx.bhmsbp.cn,オリコ
2026/05/08 13:33:00,https://zmyzyw.kwcpwpwh.cn/iiufhys/eorio/loging/,オリコ
2026/05/08 13:33:00,https://wqsckvmwu.zs463682.cn/iiufhys/eorio/loging/,オリコ
2026/05/08 14:02:00,https://smga.jp/webmail.xserver.ne.jp/index.php,エックスサーバー
2026/05/08 14:02:00,http://smga.jp/webmail.xserver.ne.jp/index.php,エックスサーバー
2026/05/08 14:04:00,https://ashikagb-bnnka.com/pages/db/dbca0100/input/clientviews/CCT0080=0120,足利銀行
2026/05/08 14:04:00,https://ashikagb-bnnkc.com/pages/db/dbca0100/input/clientviews/CCT0080=0120,足利銀行
2026/05/08 14:04:00,https://ashikagb-bnnkd.com/pages/db/dbca0100/input/clientviews/CCT0080=0120,足利銀行
2026/05/08 14:04:00,https://ashikagb-bnnke.com/pages/db/dbca0100/input/clientviews/CCT0080=0120,足利銀行
2026/05/08 14:04:00,https://ashikagb-bnnkf.com/pages/db/dbca0100/input/clientviews/CCT0080=0120,足利銀行
2026/05/08 14:04:00,https://ashikagb-bnnkh.com/pages/db/dbca0100/input/clientviews/CCT0080=0120,足利銀行
2026/05/08 14:04:00,https://ashikagb-bnnkj.com/pages/db/dbca0100/input/clientviews/CCT0080=0120,足利銀行
2026/05/08 15:09:00,http://amazon-cyber.jp/,Amazon
2026/05/08 15:09:00,https://amazon-cyber.jp/,Amazon
2026/05/08 15:26:00,https://www.toraburan.com/blog/wp-content/plugins/zunzun/production/mnx/#c2FkYWZAcmlhc2hpcHBpbmcuYWU=,LinkedIn
2026/05/08 16:34:00,https://ewhdyfopzv.top/jp,Amazon
2026/05/08 16:45:00,https://www.carleasingbrokers.com/uzktdukd/,SAISON CARD
2026/05/08 16:45:00,https://notjustrice.com/uzktdukd/,SAISON CARD
2026/05/08 16:45:00,https://bellisguttering.com/uzktdukd/,SAISON CARD
2026/05/08 16:45:00,https://www.argonautsreinc.com/uzktdukd/,SAISON CARD
2026/05/08 16:45:00,https://seison.generousclothing.com/,SAISON CARD
2026/05/08 16:45:00,https://saloncards.soulclicking.com/,SAISON CARD
2026/05/08 16:45:00,https://seison-7.ideastormcreations.com/,SAISON CARD
2026/05/08 16:45:00,https://sa1son-gifs.digitalcitynewyork.com/,SAISON CARD
2026/05/08 15:29:00,https://songtm.com,Apple Account
2026/05/08 15:29:00,https://andawl.com,Apple Account
2026/05/08 15:29:00,https://styj.net/,Apple Account
2026/05/08 15:29:00,https://kakopostatigenij.com,Apple Account
2026/05/08 15:39:00,https://thesecretofsteel.com/wftxfyti,日本郵便
2026/05/08 16:54:00,https://saison-card.vxvbfd.com/%F0%9D%90%A2%F0%9D%90%A7%F0%9D%90%9D%F0%9D%90%9E%F0%9D%90%B1.%F0%9D%90%A1%F0%9D%90%AD%F0%9D%90%A6%F0%9D%90%A5,SAISON CARD
2026/05/08 15:41:00,https://rfacter.com/JWIynfdy/gGfu5Q,イープラス
2026/05/08 15:49:00,https://worxtech.com/wp-content/eo.html#ZW90ZWNoQGVvbmV0Lm5lLmpw,eoWEBメール (OPTAGE)
2026/05/08 16:59:00,https://ejluoeqqlqlq.top/jp,Amazon
2026/05/08 17:01:00,https://gzjrsq.com/?type=verify&key=zxqxnakqgm,Amazon
2026/05/08 16:57:00,https://globle-aokesports.com/,Amazon
2026/05/08 16:57:00,https://wowozaoqi.com/,Amazon
2026/05/08 17:09:00,https://kingplastisc.com/Biglobe/biglobesecurity.html,BIGLOBE
2026/05/11 10:07:00,https://account-validation-service-b15.sbs/account-update,Apple Account
2026/05/11 10:35:00,https://psihologplovdiv.com/,Apple Account
2026/05/11 10:35:00,https://mcmtenerife.com/sd/er/fe/fsa/sdf/179/,Apple Account
2026/05/11 10:35:00,https://rentunioncity.com/sd/er/fe/fsa/sdf/179/,Apple Account
2026/05/11 10:35:00,https://iacs-ind.com/,Apple Account
2026/05/11 11:31:00,https://1sh.pl/LMth3z,えきねっと
2026/05/11 11:35:00,https://is.gd/OHqpAt,えきねっと
2026/05/11 11:40:00,https://bom.so/UOMXCI,えきねっと
2026/05/11 12:20:00,https://arturobeltranleon.com/?device=sp&auth=vcmadrisnr,SAISON CARD
2026/05/11 12:20:00,https://yunyoumei.com/?from=campaign&token=nzbyej,SAISON CARD
2026/05/11 12:39:00,https://1sh.pl/0cUbS5/,ポケットカード
2026/05/11 12:47:00,https://goo.su/7N64J/,ポケットカード
2026/05/11 12:47:00,https://goo.su/dMzGtjh,ポケットカード
2026/05/11 13:04:00,https://bom.so/nJnKJr/,ポケットカード
2026/05/11 12:43:00,https://dmwmztgi.nynrfba.cn/netsgvice/logyino/,ポケットカード
2026/05/11 12:43:00,https://lvbi.nsgjef.cn/netsgvice/logyino/,ポケットカード
2026/05/11 13:26:00,https://space-mango.com/wftxfyti,日本郵便
2026/05/11 13:40:00,https://rqvzkqb.shbllgs.cn/pkkjp/aenop/potyunde/,日本郵便
2026/05/11 15:27:00,https://zy-msswjp.net/?v=1.2.5#/login,三菱UFJモルガン・スタンレー証券
2026/05/11 15:20:00,https://ms-msswjp.com/,三菱UFJモルガン・スタンレー証券
2026/05/11 15:32:00,https://bom.so/iKLj98/,オリコ
2026/05/11 15:09:00,https://prolightsshow.com/index/html/predtions/?ZRKQK,ビューカード
2026/05/11 15:52:00,https://www.ahxdb.com/,楽天カード
2026/05/11 15:52:00,https://www.ropacaliente.com/,楽天カード
2026/05/11 15:52:00,https://www.kosmicbeginnings.com/*,楽天カード
2026/05/11 16:57:00,https://e-stat.26mwt3v0.shop/2xj3nsrm/,総務省
2026/05/11 16:57:00,https://e-stat.8391yei4.shop/,総務省
2026/05/11 14:40:00,https://is.gd/7fJOzF,ポケットカード
2026/05/11 14:40:00,https://is.gd/7fJOzF/,ポケットカード
2026/05/11 14:40:00,https://is.gd/BdEpu4/,ポケットカード
2026/05/11 14:40:00,https://is.gd/HWMQTE/,ポケットカード
2026/05/11 14:40:00,https://is.gd/JTSERU/,ポケットカード
2026/05/11 16:46:00,https://e-stat.75lcvzk6.shop/,総務省
2026/05/11 16:46:00,https://e-stat.e3ed5msd.shop/,総務省
2026/05/11 16:46:00,https://e-stat.7lb27n7q.shop/,総務省
2026/05/11 16:46:00,https://e-stat.dcch5jvl.shop/,総務省
2026/05/11 16:46:00,https://e-stat.e5nreffo.shop/,総務省
2026/05/11 16:46:00,https://e-stat.online-k1.com/home,総務省
2026/05/12 09:50:00,https://sahdsurvival.com/?label=600e54e0b46e2cded2df1935571684ab,SAISON CARD
2026/05/12 10:15:00,https://mumorgan.com/,三菱UFJモルガン・スタンレー証券
2026/05/12 09:42:00,https://account-validation-service-f13.cfd/cyer4s,SAISON CARD
2026/05/12 09:42:00,https://account-validation-service-f14.cfd/cyer4s,SAISON CARD
2026/05/12 09:42:00,https://account-validation-service-f15.cfd/cyer4s,SAISON CARD
2026/05/12 09:42:00,https://account-validation-service-f16.cfd/cyer4s,SAISON CARD
2026/05/12 09:42:00,https://account-validation-service-f17.cfd/cyer4s,SAISON CARD
2026/05/12 09:42:00,https://account-validation-service-f18.cfd/cyer4s,SAISON CARD
2026/05/12 09:42:00,https://account-validation-service-f19.cfd/cyer4s,SAISON CARD
2026/05/12 09:42:00,https://account-validation-service-g16.sbs/cyer4s,SAISON CARD
2026/05/12 09:42:00,https://account-validation-service-g19.sbs/cyer4s,SAISON CARD
2026/05/12 09:42:00,https://account-validation-service-g20.sbs/cyer4s,SAISON CARD
2026/05/12 09:42:00,https://account-validation-service-h4.cfd/cyer4s,SAISON CARD
2026/05/12 09:42:00,https://account-validation-service-h7.cfd/cyer4s,SAISON CARD
2026/05/12 09:42:00,https://bside-japan.com/cyer4s,SAISON CARD
2026/05/12 09:42:00,https://hant-kysport.com/cyer4s,SAISON CARD
2026/05/12 13:34:00,https://ww2.uc-card.cbffd.com/RmVelhhd,UC Card
2026/05/12 13:45:00,https://id-auth-orico.jiusecaizhi.com/uygizlny/?scripts=eorico=f1ilKdEt31uW1a,オリコ
2026/05/12 13:49:00,https://is.gd/rDCeDe/,オリコ
2026/05/12 14:02:00,https://play-douqiudi.com/,三井住友カード
2026/05/12 14:28:00,https://fxugjl.cn/4R6lj7,楽天
2026/05/12 15:06:00,https://www.bk.mufig.top/#/pages/appindex,三菱UFJ銀行
2026/05/12 15:10:00,https://post.ateeyhoo.com/xqsfbtgy,日本郵便
2026/05/12 15:16:00,https://tx-msswjp.net/?v=1.2.5#/login,三菱UFJモルガン・スタンレー証券
2026/05/12 15:29:00,https://writingessayz.com/,楽天
2026/05/12 15:33:00,https://asas07.info/69f7586b-5a34-8321-a50a-c391feaa25e3/Corec/ChaCha20/Text/wp2,楽天カード
2026/05/12 15:33:00,https://4437.eu.cc/69f7586b-5a34-8321-a50a-c391feaa25e3/Corec/ChaCha20/Text/wp2,楽天カード
2026/05/12 15:33:00,https://h5-app-hupusports.com/69f7586b-5a34-8321-a50a-c391feaa25e3/Corec/ChaCha20/Text/wp2,楽天カード
2026/05/12 15:33:00,https://vqjar5.info/69f7586b-5a34-8321-a50a-c391feaa25e3/Corec/ChaCha20/Text/wp2,楽天カード
2026/05/12 15:36:00,https://rakuten-card.gfhrtt.com/nwUgdJPT,楽天カード
2026/05/13 09:58:00,https://www.wzbjd.com/,楽天カード
2026/05/13 10:14:00,https://zh-all-jingyusports.com/cloudflare?t1=x4y2&,SAISON CARD
2026/05/13 10:14:00,https://zh-z-lanjing.com/cloudflare?t1=QzGn&,SAISON CARD
2026/05/13 10:15:00,https://didiaokanqiu6.com/wp-includes/sodium_compat/namespaced/Core/ChaCha20/Text/wp5?t1=kZkN&,SAISON CARD
2026/05/13 10:22:00,https://1f7.mobi/sai-a7c2f1d9-4e83-4b65-9a10-6d3e7f2c5a11-cola-you/,SAISON CARD
2026/05/13 10:22:00,https://aq1.mobi/sai-a7c2f1d9-4e83-4b65-9a10-6d3e7f2c5a11-cola-you/,SAISON CARD
2026/05/13 10:22:00,https://as9.mobi/sai-a7c2f1d9-4e83-4b65-9a10-6d3e7f2c5a11-cola-you/,SAISON CARD
2026/05/13 10:22:00,https://b4a.mobi/sai-a7c2f1d9-4e83-4b65-9a10-6d3e7f2c5a11-cola-you/,SAISON CARD
2026/05/13 10:22:00,https://b5a.mobi/sai-a7c2f1d9-4e83-4b65-9a10-6d3e7f2c5a11-cola-you/,SAISON CARD
2026/05/13 10:22:00,https://c27.mobi/sai-a7c2f1d9-4e83-4b65-9a10-6d3e7f2c5a11-cola-you/,SAISON CARD
2026/05/13 10:22:00,https://c29.mobi/sai-a7c2f1d9-4e83-4b65-9a10-6d3e7f2c5a11-cola-you/,SAISON CARD
2026/05/13 10:23:00,https://manager-areaclient-iduser28378.siciliadeitesori.it/file/?46525l5HYU=45VGI90K00D,エックスサーバー
2026/05/13 10:31:00,https://dofidastore.com/index/html/predtions/?dwqdy,ビューカード
2026/05/13 10:37:00,https://smbc-card.xjy123456.com/zkpsqllk/?memx=force=uBSq5vtMW,三井住友カード
2026/05/13 10:37:00,https://smbc-card.zslyly.com/zkpsqllk/?memx=force=I0CTV6XOx,三井住友カード
2026/05/13 10:37:00,https://smbc-card.jcjc123.com/zkpsqllk/?memx=force=Y9uukOS2,三井住友カード
2026/05/13 10:37:00,https://smbc-card.dqdyul.com/zkpsqllk/?memx=force=R09iBLfl4o,三井住友カード
2026/05/13 10:37:00,https://smbc-card.6688expo.com/zkpsqllk/?memx=force=1HWr691bu,三井住友カード
2026/05/13 10:26:00,https://saisoni-card.com/customer-support-jp,SAISON CARD
2026/05/13 10:26:00,https://saisonr-card.com/customer-support-jp,SAISON CARD
2026/05/13 10:26:00,https://saisont-card.com/customer-support-jp,SAISON CARD
2026/05/13 10:26:00,https://saisony-card.com/customer-support-jp,SAISON CARD
2026/05/13 10:41:00,https://ekinet-jreastgray.help,えきねっと
2026/05/13 10:41:00,https://ekinet-jreastgray.help/,えきねっと
2026/05/13 10:41:00,https://ekinet-jreastgray.help/login.php,えきねっと
2026/05/13 10:41:00,https://ekinet-jreastgrey.help,えきねっと
2026/05/13 10:41:00,https://ekinet-jreastgrey.help/,えきねっと
2026/05/13 10:41:00,https://ekinet-jreastgrey.help/login.php,えきねっと
2026/05/13 10:41:00,https://ekinet-jreastgriy.help,えきねっと
2026/05/13 10:41:00,https://ekinet-jreastgriy.help/,えきねっと
2026/05/13 10:41:00,https://ekinet-jreastgriy.help/login.php,えきねっと
2026/05/13 10:41:00,https://ekinet-jreastgroy.help,えきねっと
2026/05/13 10:41:00,https://ekinet-jreastgroy.help/,えきねっと
2026/05/13 10:41:00,https://ekinet-jreastgroy.help/login.php,えきねっと
2026/05/13 10:41:00,https://ekinet-jreastgruy.help,えきねっと
2026/05/13 10:41:00,https://ekinet-jreastgruy.help/,えきねっと
2026/05/13 10:41:00,https://ekinet-jreastgruy.help/login.php,えきねっと
2026/05/13 10:50:00,https://goo.su/dMzGtjh/,ポケットカード
2026/05/13 11:27:00,https://freshworkscn.com/,TEPCO
2026/05/13 14:18:00,https://jp.fdieryd.top/post,ヤマト運輸
2026/05/13 14:51:00,https://ipttcfabs.top/jp,SAISON CARD
2026/05/13 14:28:00,https://hflctn.com/voucher/XdmANScw7pQA4GH0FJoG/redeem,三井住友カード
2026/05/13 15:42:00,https://cloud-idsevr.click/id-verify,Apple Account
2026/05/13 15:42:00,https://cloudserv.sbs/id-verify,Apple Account
2026/05/13 15:57:00,https://sxrljt.com/M95dUB,Apple Account
2026/05/13 16:01:00,https://holidayhome-profi.com/verify-update,Apple Account
2026/05/13 16:06:00,https://dutrkqs.mmtofz.cn/netsgvice/logyino/,ポケットカード
2026/05/13 16:06:00,https://dmwmztgi.nynrfba.cn/netsgvice/logyino/,ポケットカード
2026/05/13 16:13:00,https://xutjjtysob.com/assets/MhL6llhzISGF.js,Amazon
2026/05/13 15:03:00,https://cczefbnmmosf.top/jp,SAISON CARD
2026/05/13 16:20:00,https://jssauber.com/brand/osaq,Amazon
2026/05/13 16:23:00,https://arounadrame.shop/jxgqzamo/,Amazon
2026/05/13 16:23:00,https://sofiaarana.shop/jxgqzamo/,Amazon
2026/05/13 16:23:00,https://sonjijosephs.shop/jxgqzamo/,Amazon
2026/05/13 16:11:00,https://qvfhwfh.ztvpanm.cn/apusetop/jupindx/,Apple Account
2026/05/13 16:16:00,https://atdskug.cn/ZlPPv35YfS.plus,Amazon
2026/05/13 16:16:00,https://ebbvzi.cn/4rcsiko95O.kagoshima.jp,Amazon
2026/05/13 16:16:00,https://ebbvzi.cn/7oUGzD4hKO.promo,Amazon
2026/05/13 16:16:00,https://ebbvzi.cn/GdDLaXNyF2.ed.jp,Amazon
2026/05/13 16:38:00,https://japmcv.member-hupu.com/amazazzom,Amazon
2026/05/13 16:45:00,https://www.ifself.com/,Amazon
2026/05/13 16:45:00,https://timesdesignstudio.com/?label=11acae809e73557595c31ad01146a55f,Paidy
2026/05/13 16:49:00,https://dsoqqcfd.vjxjrfyu.cn/optmer-prefere_html/,Amazon
2026/05/13 16:53:00,https://jcqmc.cn/amasonsss/,Amazon
2026/05/13 16:53:00,https://mbqxm.cn/amasonsss/,Amazon
2026/05/13 16:53:00,https://qplcs.cn/amasonsss/,Amazon
2026/05/13 16:57:00,http://goo.su/PbwO7Gg,Amazon
2026/05/13 17:18:00,https://adrianmevin.shop/kpromhsy/,American Express
2026/05/13 17:18:00,https://bonniebaker.shop/kpromhsy/,American Express
2026/05/13 17:27:00,https://1sh.pl/gmF2i8,ETC利用照会サービス
2026/05/13 17:32:00,https://is.gd/SIbfI2/,ETC利用照会サービス
2026/05/13 17:24:00,https://jenniferking.shop/,American Express
2026/05/13 17:28:00,https://id-auth-orico.hxtx6666.com/uygizlny/?scripts=eorico=Vsb3l6Me6O,オリコ
2026/05/13 17:36:00,https://dsrzzi.jetgq.cn/jkautixtf/londut/,ETC利用照会サービス
2026/05/13 17:51:00,https://1sh.pl/AYMP4X/,DHL
2026/05/13 17:51:00,https://1sh.pl/IYjMZi/,DHL
2026/05/13 17:54:00,https://csudubxs.zimxfxq.cn/yual_login_exp/getuug/,DHL
2026/05/13 17:54:00,https://iceability.zlvvw.cn/yual_login_exp/getuug/,DHL
2026/05/14 10:16:00,https://lvbi.nsgjef.cn/netsgvice/logyino/,ポケットカード
2026/05/14 10:16:00,https://fuvcgwhc.nssjmo.cn/netsgvice/logyino/,ポケットカード
2026/05/14 10:21:00,http://1sh.pl/Hr1aqi,ポケットカード
2026/05/14 10:21:00,http://1sh.pl/awjpO6,ポケットカード
2026/05/14 10:32:00,https://paye.official.ec/renew/HwlftaKlNi?utm=email_campaign,hulu
2026/05/14 10:32:00,https://china-kanqiutong.com/kJvsRKT9,hulu
2026/05/14 10:45:00,https://lrexports.com/JWIynfdy/sHc5du,イープラス
2026/05/14 10:59:00,https://ekinet-jregoety.help,えきねっと
2026/05/14 10:59:00,https://ekinet-jregoety.help/,えきねっと
2026/05/14 10:59:00,https://ekinet-jregoety.help/invite/0PhL9Bxv3hpVI9FihLAn/accept,えきねっと
2026/05/14 10:59:00,https://ekinet-jregoety.help/invite/nsvYtDF7IdZi5xGKjhGy/accept,えきねっと
2026/05/14 10:59:00,https://ekinet-jregorey.help,えきねっと
2026/05/14 10:59:00,https://ekinet-jregorey.help/,えきねっと
2026/05/14 10:59:00,https://ekinet-jregorey.help/invite/0PhL9Bxv3hpVI9FihLAn/accept,えきねっと
2026/05/14 10:59:00,https://ekinet-jregorey.help/invite/WSKYVEVKYIIxTOX4diKu/accept,えきねっと
2026/05/14 10:59:00,https://ekinet-jregorey.help/invite/nsvYtDF7IdZi5xGKjhGy/accept,えきねっと
2026/05/14 10:59:00,https://ekinet-jregoriy.help,えきねっと
2026/05/14 10:59:00,https://ekinet-jregoriy.help/,えきねっと
2026/05/14 10:59:00,https://ekinet-jregoriy.help/invite/0PhL9Bxv3hpVI9FihLAn/accept,えきねっと
2026/05/14 10:59:00,https://ekinet-jregoriy.help/invite/WSKYVEVKYIIxTOX4diKu/accept,えきねっと
2026/05/14 10:59:00,https://ekinet-jregoriy.help/invite/nsvYtDF7IdZi5xGKjhGy/accept,えきねっと
2026/05/14 10:59:00,https://ekinet-jregotey.help,えきねっと
2026/05/14 10:59:00,https://ekinet-jregotey.help/,えきねっと
2026/05/14 10:59:00,https://ekinet-jregotey.help/invite/WSKYVEVKYIIxTOX4diKu/accept,えきねっと
2026/05/14 10:59:00,https://ekinet-jregotey.help/invite/nsvYtDF7IdZi5xGKjhGy/accept,えきねっと
2026/05/14 10:59:00,https://ekinet-jregroiy.help,えきねっと
2026/05/14 10:59:00,https://ekinet-jregroiy.help/,えきねっと
2026/05/14 10:59:00,https://ekinet-jregroiy.help/invite/0PhL9Bxv3hpVI9FihLAn/accept,えきねっと
2026/05/14 10:59:00,https://ekinet-jregroiy.help/invite/WSKYVEVKYIIxTOX4diKu/accept,えきねっと
2026/05/14 10:59:00,https://ekinet-jregroiy.help/invite/nsvYtDF7IdZi5xGKjhGy/accept,えきねっと
2026/05/14 11:10:00,https://jp-postbank.nmbcv.com/eFtDCclH,ゆうちょ銀行
2026/05/14 11:10:00,https://jp-postbank.nmbcv.com/eFtDCclH/,ゆうちょ銀行
2026/05/14 13:00:00,https://1sh.pl/awjpO6/,ポケットカード
2026/05/14 13:34:00,https://qpbaidu.com/link/UOFvcwwlH2eS6U0eE4IB,えきねっと
2026/05/14 14:08:00,https://aupay.we4679.com,au
2026/05/14 14:08:00,https://aupay.we4679.com/login,au
2026/05/14 14:08:00,https://aupay.we4679.com/login.php,au
2026/05/14 14:08:00,https://aupay.bg3crc5d.com,au
2026/05/14 14:08:00,https://aupay.sy4295.com,au
2026/05/14 14:08:00,https://aupay.sy4295.com/login,au
2026/05/14 14:08:00,https://aupay.qq3594.com,au
2026/05/14 14:08:00,https://aupay.qq3594.com/login,au
2026/05/14 14:08:00,https://aupay.qq3594.com/login.php,au
2026/05/14 14:08:00,https://aupay.efs7c2u.com,au
2026/05/14 14:08:00,https://aupay.efs7c2u.com/login,au
2026/05/14 14:08:00,https://aupay.efs7c2u.com/login.php,au
2026/05/14 14:08:00,https://aupay.ws7248.com,au
2026/05/14 14:08:00,https://aupay.ws3274.com,au
2026/05/14 14:08:00,https://aupay.sy6734.com,au
2026/05/14 14:08:00,https://aupay.sy6734.com/login,au
2026/05/14 14:08:00,https://aupay.sy6734.com/login.php,au
2026/05/14 14:08:00,https://aupay.we5984.com,au
2026/05/14 14:08:00,https://aupay.we5984.com/login.php,au
2026/05/14 14:08:00,https://aupay.qq9584.com,au
2026/05/14 14:08:00,https://aupay.qq9584.com/login.php,au
2026/05/14 14:37:00,https://nbhitech.com/IKcIRevC,Amazon
2026/05/14 14:37:00,https://ekinet-jregoety.help/click/SwnfAzEFNwwArUTuz3hk,えきねっと
2026/05/14 14:37:00,https://ekinet-jregoety.help/click/edw96eVXE1TLnWzNHQ8L,えきねっと
2026/05/14 14:37:00,https://ekinet-jregoety.help/invite/WSKYVEVKYIIxTOX4diKu/accept,えきねっと
2026/05/14 14:37:00,https://ekinet-jregorey.help/click/SwnfAzEFNwwArUTuz3hk,えきねっと
2026/05/14 14:37:00,https://ekinet-jregorey.help/click/edw96eVXE1TLnWzNHQ8L,えきねっと
2026/05/14 14:37:00,https://ekinet-jregoriy.help/click/SwnfAzEFNwwArUTuz3hk,えきねっと
2026/05/14 14:37:00,https://ekinet-jregoriy.help/click/edw96eVXE1TLnWzNHQ8L,えきねっと
2026/05/14 14:37:00,https://ekinet-jregotey.help/click/SwnfAzEFNwwArUTuz3hk,えきねっと
2026/05/14 14:37:00,https://ekinet-jregotey.help/click/edw96eVXE1TLnWzNHQ8L,えきねっと
2026/05/14 14:37:00,https://ekinet-jregotey.help/invite/0PhL9Bxv3hpVI9FihLAn/accept,えきねっと
2026/05/14 14:37:00,https://ekinet-jregroiy.help/click/SwnfAzEFNwwArUTuz3hk,えきねっと
2026/05/14 14:37:00,https://ekinet-jregroiy.help/click/edw96eVXE1TLnWzNHQ8L,えきねっと
2026/05/14 14:40:00,https://zsjcaaq.cdyhmh.cn/optmer-prefere_html/,Amazon
2026/05/14 14:43:00,https://id-auth-0rico.gongzuoqianzheng.com/uygizlny/?scripts=eorico=U76oz1UCBofrh,オリコ
2026/05/14 15:07:00,https://rakutengp.top/1,楽天
2026/05/14 15:11:00,https://driect-jabnnka.com/direct/ia/3210000,JAバンク
2026/05/14 15:11:00,https://driect-jabnnkb.com/direct/ia/3210000,JAバンク
2026/05/14 15:11:00,https://driect-jabnnkc.com/direct/ia/3210000,JAバンク
2026/05/14 15:40:00,https://driect-shk1na.com/htm/sh1n/selectState,全国信用金庫協会
2026/05/14 15:40:00,https://driect-shk1nb.com/htm/sh1n/selectState,全国信用金庫協会
2026/05/14 15:40:00,https://driect-shk1nc.com/htm/sh1n/selectState,全国信用金庫協会
2026/05/14 16:08:00,https://atsutos.com/ats/info_mail,@nifty
2026/05/14 16:26:00,https://jp.klethys.top/post,ヤマト運輸
2026/05/14 16:31:00,https://sraisoncaird.zg-shangjin.com/useudnrda3494,SAISON CARD
2026/05/14 16:31:00,https://sairsroncarird.hcdcsdekcd.com/useudnrda3494,SAISON CARD
2026/05/14 16:34:00,https://saison-card.asdssa.com/RgEPKLdb,SAISON CARD
2026/05/14 16:36:00,https://saison-co-jp.chaitanyaj.com/info,SAISON CARD
2026/05/14 16:48:00,https://zh-z-lanjing.com/cloudflare?t1=Dez6&t2=JlH2QHV79cJaI,SAISON CARD
2026/05/14 16:50:00,https://as1.mobi/sai-a7c2f1d9-4e83-4b65-9a10-6d3e7f2c5a11-cola-you/,SAISON CARD
2026/05/14 17:08:00,http://1sh.pl/WGofht,Amazon
2026/05/14 17:17:00,https://rsszl.cn/amasonsss/,Amazon
2026/05/14 16:57:00,https://id-auth.qingfengtrading.com/scripts/eorico-login.html/?auynith=kzFVzZdg,オリコ
2026/05/14 16:57:00,https://id-auth.ucinventory.com/scripts/eorico-login.html/?auynith=Bo6SDbAB,オリコ
2026/05/14 17:32:00,https://is.gd/5EV56YU/,DHL
2026/05/14 17:41:00,https://jinglww.com/JWIynfdy/MoR15G,イープラス
2026/05/14 17:41:00,https://yxlqzj.com/JWIynfdy/j0m9VK,イープラス
2026/05/15 10:17:00,https://okacop041.info/cloudflare?t1=7ymV%EF%BC%86t2=WoL0qbc1lOLCn%EF%BC%86t3=clxjd,SAISON CARD
2026/05/15 10:17:00,https://xq65113.info/cloudflare?t1=9nQV&,SAISON CARD
2026/05/15 10:31:00,https://easyguo.com/68167c62/,三井住友カード
2026/05/15 10:38:00,https://b8a.mobi/sai-a7c2f1d9-4e83-4b65-9a10-6d3e7f2c5a11-cola-you/,SAISON CARD
2026/05/15 10:39:00,https://www.hrbsmty.com/httrwalw/,SAISON CARD
2026/05/15 10:39:00,https://www.pyjmjx.com/httrwalw/,SAISON CARD
2026/05/15 10:39:00,https://www.qdyscy.com/httrwalw/,SAISON CARD
2026/05/15 10:28:00,https://qcbxnn.com/icloud,Apple Account
2026/05/15 10:28:00,http://rljzfw.com/icloud,Apple Account
2026/05/15 12:09:00,https://ekinet-groayjre.help,えきねっと
2026/05/15 12:09:00,https://ekinet-groayjre.help/,えきねっと
2026/05/15 12:09:00,https://ekinet-groayjre.help/68167c62,えきねっと
2026/05/15 12:09:00,https://ekinet-groeyjre.help,えきねっと
2026/05/15 12:09:00,https://ekinet-groiyjre.help,えきねっと
2026/05/15 12:09:00,https://ekinet-gronyjre.help,えきねっと
2026/05/15 12:09:00,https://ekinet-gronyjre.help/,えきねっと
2026/05/15 12:09:00,https://ekinet-grouyjre.help,えきねっと
2026/05/15 12:09:00,https://ekinet-grouyjre.help/,えきねっと
2026/05/15 13:30:00,https://smc-vbass-crad.balicarscharter.com/Login/,三井住友カード
2026/05/15 13:30:00,https://smc-vbass-crad.sendusyourspit.com/Login/,三井住友カード
2026/05/15 13:40:00,https://payacc.casa/c,エポスカード
2026/05/15 13:41:00,https://sdzhirong.com/ss/dswd/sd/fdf/sd/174/,Apple Account
2026/05/15 13:41:00,https://gf14.mobi/,Apple Account
2026/05/15 13:48:00,https://emilydelks.com/jp/,Apple Store
2026/05/15 13:54:00,https://go4mails.com/IKcIRevC,Amazon
2026/05/15 13:54:00,https://onecardexpert.com/IKcIRevC,Amazon
2026/05/15 13:54:00,https://visitfinnmark.com/IKcIRevC,Amazon
2026/05/15 13:56:00,https://rnfrc.cn/amasonsss/,Amazon
2026/05/15 14:09:00,https://pairs.ag-71.com/,ペアーズ
2026/05/15 11:19:00,https://sarisonncardi.wap-zh-jiangnan.com/useudnrda3494,SAISON CARD
2026/05/15 11:19:00,https://www.npyuke.com/update,SAISON CARD
2026/05/15 11:19:00,https://sairrsonrcarrd.guimenshiye.com/useudnrda3494,SAISON CARD
2026/05/15 11:19:00,https://jprsaisonrcardig.zh-app-leijingji.com/useudnrda3494,SAISON CARD
2026/05/15 11:19:00,https://login.daviprimeretail.shop/q4mK5uZ7kx,SAISON CARD
2026/05/15 11:19:00,https://sarirsonrcard.beianguanli.com/useudnrda3494,SAISON CARD
2026/05/15 14:27:00,https://id-auth.horistmachine.com/scripts/eorico-login.html/?auynith=hb4ECp0b,オリコ
2026/05/15 14:27:00,https://id-auth.kuangtecloud.com/scripts/eorico-login.html/?auynith=hb4ECp0b,オリコ
2026/05/15 14:27:00,https://id-auth.qinghaijiuju.com/scripts/eorico-login.html/?auynith=3u0DKCOu,オリコ
2026/05/15 14:27:00,https://id-auth.songyufei.com/scripts/eorico-login.html/?auynith=7l66q1sh,オリコ
2026/05/15 14:27:00,https://id-auth.songyufei.com/scripts/eorico-login.html/?auynith=hb4ECp0b,オリコ
2026/05/15 14:27:00,https://id-auth.szzhaobangjijinrong.com/scripts/eorico-login.html/?auynith=FFQpmI5n,オリコ
2026/05/15 14:27:00,https://id-auth.tzyiwei.com/scripts/eorico-login.html/?auynith=ZBMA1UGA,オリコ
2026/05/15 14:27:00,https://id-auth.velocityecp.com/scripts/eorico-login.html/?auynith=hb4ECp0b,オリコ
2026/05/15 14:27:00,https://id-auth.xixiguguoji.com/scripts/eorico-login.html/?auynith=dizC2TXR,オリコ
2026/05/15 14:27:00,https://id-auth.zhonghengmc.com/scripts/eorico-login.html/?auynith=j3OJJSGm,オリコ
2026/05/15 15:13:00,https://is.gd/RYlc4q/,DHL
2026/05/15 14:51:00,https://niwayosisaiseki.com/redirect/redirect/login.php?customersvcs=1778786480?idlogin=28b4b067b2b3e68f395f757482268bc4,Scotiabank
2026/05/15 14:51:00,https://niwayosisaiseki.com/redirect/redirect/index.php?id=158246,Scotiabank
2026/05/15 14:51:00,https://niwayosisaiseki.com/redirect/redirect/login.php?customersvcs=1778782390?idlogin=38663501b6c825eb84c5bf78057d25e6,Scotiabank
2026/05/15 14:51:00,https://niwayosisaiseki.com/redirect/redirect/login.php?customersvcs=1778782391?idlogin=1a7d575a11875dac1478cf31b6c82923,Scotiabank
2026/05/15 14:51:00,https://tmp.citesalon.jp/scotiabb.com/bb.scotia_online.htm,Scotiabank
2026/05/15 14:51:00,http://tmp.citesalon.jp/scotiabb.com/bb.scotia_online.htm,Scotiabank
2026/05/15 15:50:00,https://e-stat.url-aoke.com/?0nxJR23kDR6N3svSx2hyNo54,第一生命保険株式会社
2026/05/15 15:50:00,https://e-stat.z-eonsport.com/?0RFn71ox0XKrHx3HHeLoeCDI,第一生命保険株式会社
2026/05/15 15:50:00,https://e-stat.go-yiangty.com/?0BdZQjjktQEedTpRqL3aaYXV,第一生命保険株式会社
2026/05/15 15:50:00,https://e-stat.xin-dota2.com/?1RbyLmPIWWEhuZbYWuBCTziP,第一生命保険株式会社
2026/05/15 15:50:00,https://e-stat.xin-okoo.com/?0ahbjAyx8GZFXrIY1vUMzkYn,第一生命保険株式会社
2026/05/15 16:07:00,https://login.td8265.com/?x3BpLwepll8ckkI47OB3702w,第一生命保険株式会社
2026/05/15 16:07:00,https://www.td8265.com/?FVE3nn48wH1R6JLMQT2VBo36,第一生命保険株式会社
2026/05/15 16:07:00,https://login.ztjbbx.com/?sR4eosQzXGm0DE9Uzgkx1efq,第一生命保険株式会社
2026/05/15 16:07:00,https://www.ztjbbx.com/?MwEhhn0wbNPXfEYE04LgONy0,第一生命保険株式会社
2026/05/15 16:07:00,https://login.zx7629.com/?DoQJgv2AS62iYNYeyN8bWQKc,第一生命保険株式会社
2026/05/15 16:07:00,https://www.zx7629.com/?tweL9BeHCYjxWTwrugtSBQQq,第一生命保険株式会社
2026/05/15 16:07:00,https://login.hzqpdz.com/?PGc1QhZBYLfNM1VsE9F4eTRV,第一生命保険株式会社
2026/05/15 16:07:00,https://www.hzqpdz.com/?J1uq6yJCAiTXd3jX0YYq2pSl,第一生命保険株式会社
2026/05/15 16:07:00,https://login.gbqtjt.com/?Edk17pV9lFycuCwzwl9wEJTQ,第一生命保険株式会社
2026/05/15 16:07:00,https://www.gbqtjt.com/?Eavs4GgtlvmtkOMlb76M6Lki,第一生命保険株式会社
2026/05/15 16:07:00,https://login.hzluxi.com/?rZtMWgEjhXeF65ZzUr9L8SnU,第一生命保険株式会社
2026/05/15 16:07:00,https://www.hzluxi.com/?k0YCmigdLUTvrCWrHHcVlgVK,第一生命保険株式会社
2026/05/15 16:07:00,https://login.lbbccs.com/?SfZofrSTIsi5Imp9xebNJWud,第一生命保険株式会社
2026/05/15 16:07:00,https://www.lbbccs.com/?TneP2KcjhPH4B2rcu2ab8lfO,第一生命保険株式会社
2026/05/15 16:07:00,https://login.gbakuh.com/?ejP57lNQnVqwOXBONwbUKPjO,第一生命保険株式会社
2026/05/15 16:07:00,https://www.gbakuh.com/?Dh0ahwCIIvuWQdzLfdorb9PJ,第一生命保険株式会社
2026/05/15 16:07:00,https://login.zqgbrz.com/?gKRYuEwjUi14FssaG0vr3pfY,第一生命保険株式会社
2026/05/15 16:07:00,https://www.zqgbrz.com/?0ngZSVs5LmQUkpjYJ03ogO3X,第一生命保険株式会社
2026/05/15 16:07:00,https://login.djlcms.com/?KuSufgyoKFP7kWGFyAYBI7Tp,第一生命保険株式会社
2026/05/15 16:07:00,https://www.djlcms.com/?q5ArpWB2zxz1HV2Ibi6zzXH5,第一生命保険株式会社
2026/05/15 16:07:00,https://login.sbylx.com/?pRKLpSnIu7XFlLxZRgBrNjVX,第一生命保険株式会社
2026/05/15 16:07:00,https://www.sbylx.com/?wXv7yU8Ltk8O73qcFw1vkD6Y,第一生命保険株式会社
2026/05/15 16:07:00,https://login.uc6272.com/?rawWGBVPm7sFoKAPgXLkGOdq,第一生命保険株式会社
2026/05/15 16:07:00,https://www.uc6272.com/?HKiBfLM9Jpubxf0RNtr21YU0,第一生命保険株式会社
2026/05/15 16:07:00,https://login.lg3723.com/?nwlO8FfpRZTgzXlsrPJecrzV,第一生命保険株式会社
2026/05/15 16:07:00,https://www.lg3723.com/?UDjk6eseR9fhItZcrka4l07t,第一生命保険株式会社
2026/05/15 16:07:00,https://login.kijazz.com/?ranUMfuoYPdqXCzoz8KSsXDS,第一生命保険株式会社
2026/05/15 16:07:00,https://www.kijazz.com/?ID5CdGtiJDYkgm5QMbn6g109,第一生命保険株式会社
2026/05/15 16:07:00,https://login.gcawvk.com/?YW57Xylj2cKML6jl6erFfVBp,第一生命保険株式会社
2026/05/15 16:07:00,https://www.gcawvk.com/?tvTqv8x2NY8VvMm3HZpoZdcE,第一生命保険株式会社
2026/05/15 16:07:00,https://login.txhbbg.com/?kKWXXp9KOMbjCxOVKfqD8mR4,第一生命保険株式会社
2026/05/15 16:07:00,https://www.txhbbg.com/?eSBMD2uFGwZr5Fu0rE8ZDEQr,第一生命保険株式会社
2026/05/15 16:07:00,https://login.az7563.com/?Olfit13N73ezf7fIeSXmoB7y,第一生命保険株式会社
2026/05/15 16:07:00,https://www.az7563.com/?DkO82ab6I0eFqpto6SJtL0uy,第一生命保険株式会社
2026/05/15 16:07:00,https://login.zzbftz.com/?QYQA938fNNLlmaogZcEvcNP4,第一生命保険株式会社
2026/05/15 16:07:00,https://www.zzbftz.com/?2R7d4VTE74dsP1cLVwSh6Uxf,第一生命保険株式会社
2026/05/15 16:07:00,https://login.hxjzwf.com/?1ZGhGy0c12liRsHkzeFr9Sb0,第一生命保険株式会社
2026/05/15 16:07:00,https://www.hxjzwf.com/?iUMlDv0UWkGS7rY6T30qaoag,第一生命保険株式会社
2026/05/15 16:07:00,https://login.kingzt.com/?49DHoI4PEhyqOvOJoHTEQoln,第一生命保険株式会社
2026/05/15 16:07:00,https://www.kingzt.com/?Buvpnz55GJkcizqTkBrQMEJb,第一生命保険株式会社
2026/05/15 16:07:00,https://login.hyaokj.com/?cIb23P06UPXOyeTItmy8q8ZZ,第一生命保険株式会社
2026/05/15 16:07:00,https://www.hyaokj.com/?xrnyHbhRDy2zAu9KxnIlp8Ak,第一生命保険株式会社
2026/05/15 16:07:00,https://login.zjbxax.com/?VrM87MVsrGV66uAnbUzDB8fT,第一生命保険株式会社
2026/05/15 16:07:00,https://www.zjbxax.com/?TZs4nW5qMPgj6XcjoWFDUpMo,第一生命保険株式会社
2026/05/15 16:07:00,https://login.dlytdt.com/?v4qs092nyKzCX6sPaR9ldem4,第一生命保険株式会社
2026/05/15 16:07:00,https://www.dlytdt.com/?IwgyDG9BQrVQcXqJ1DMN3n9Y,第一生命保険株式会社
2026/05/15 16:07:00,https://login.web-cn-hth.com/?GYkXXjdzkWdkFOg5yNBscoLL,第一生命保険株式会社
2026/05/15 16:07:00,https://www.web-cn-hth.com/?egvTiOvCi3kCfo0dK9BSEw89,第一生命保険株式会社
2026/05/15 16:07:00,https://login.wdupmc.com/?dOSmp4fHzVskOxNvN3ke8UsG,第一生命保険株式会社
2026/05/15 16:07:00,https://www.wdupmc.com/?OZFEzoFZiNYvzPV6Tx0qLS3d,第一生命保険株式会社
2026/05/15 16:07:00,https://login.elcotj.com/?9CyakedaIn3IDZ2wIKM1Qx5s,第一生命保険株式会社
2026/05/15 16:07:00,https://www.elcotj.com/?R234lWNs8QNQTFWbC6Wv4uIM,第一生命保険株式会社
2026/05/15 16:07:00,https://login.lbbacx.com/?E3426uOjKa1KqlFqYaXoWf9T,第一生命保険株式会社
2026/05/15 16:07:00,https://www.lbbacx.com/?ae0CgEteyNYHSqYMEVJ32kDO,第一生命保険株式会社
2026/05/15 16:07:00,https://login.zqsslj.com/?yBd2TIk63tcWZIEpNGqo57yU,第一生命保険株式会社
2026/05/15 16:07:00,https://www.zqsslj.com/?pGxGkNyEnouCKoOwg007Jnp8,第一生命保険株式会社
2026/05/15 16:07:00,https://login.xz2976.com/?BubxVB4JMI1MxGAvnivSWIKm,第一生命保険株式会社
2026/05/15 16:07:00,https://www.xz2976.com/?nTSUNklyM9LDlwK0dVBWzibk,第一生命保険株式会社
2026/05/15 16:07:00,https://login.zjbjry.com/?xvD4fKURLONb8BB2lnkjCB5e,第一生命保険株式会社
2026/05/15 16:07:00,https://www.zjbjry.com/?vCVMQBWP1NAgfUruzXee2uOa,第一生命保険株式会社
2026/05/15 16:07:00,https://login.zzbfgy.com/?QjHSKp27tlSLBI4cmnpCn2VN,第一生命保険株式会社
2026/05/15 16:07:00,https://www.zzbfgy.com/?lNQ1UmuWAKt5CN6a1CdOOW8H,第一生命保険株式会社
2026/05/15 16:07:00,https://login.xy7168.com/?XyNcmj1USjJjzqtNd4l5rS7Z,第一生命保険株式会社
2026/05/15 16:07:00,https://www.xy7168.com/?DnTdxci7IVrNQVSF3Ej4pPIW,第一生命保険株式会社
2026/05/15 16:07:00,https://login.cn-ng28app.com/?59cp6oHNLvzqoEoKyYiP6IzU,第一生命保険株式会社
2026/05/15 16:07:00,https://www.cn-ng28app.com/?OYqN9wv1ZIObVbFWa2rduzst,第一生命保険株式会社
2026/05/15 16:07:00,https://login.sfkwy.com/?CKgdNWdpqP1NVPRGlkdK4qkM,第一生命保険株式会社
2026/05/15 16:07:00,https://www.sfkwy.com/?1LwX6GmVp0ZdTZZ5Cw8h6Czi,第一生命保険株式会社
2026/05/15 16:07:00,https://login.yzaigz.com/?5tzpTDeEzg3rOkbKOOIapR2V,第一生命保険株式会社
2026/05/15 16:07:00,https://www.yzaigz.com/?P62zxaX9kfWtRq9mXzhUjbc8,第一生命保険株式会社
2026/05/15 16:07:00,https://login.jswhh.com/?9mI3zE4yvrwZ3ALcPuYzA5tM,第一生命保険株式会社
2026/05/15 16:07:00,https://www.jswhh.com/?221MrmKAhLh6FSS23Lhys5ON,第一生命保険株式会社
2026/05/15 16:07:00,https://login.up12362.com/?FbkynNHNG9g4IyRaxfCQh8Ty,第一生命保険株式会社
2026/05/15 16:07:00,https://www.up12362.com/?VNUL4ww3PRpsIpOfSLtwTdi2,第一生命保険株式会社
2026/05/15 16:07:00,https://login.yphtyg.com/?wKwQMH4m0I7Wds67Uqbuvu94,第一生命保険株式会社
2026/05/15 16:07:00,https://www.yphtyg.com/?MyA7NzR1z72iVPeqoatkCXlE,第一生命保険株式会社
2026/05/15 16:07:00,https://login.fxjhpt.com/?tLXtWBnoUiXLfW4UteBcvmnq,第一生命保険株式会社
2026/05/15 16:07:00,https://www.fxjhpt.com/?ZC59St7s4wY4SOaOQxlsXxnk,第一生命保険株式会社
2026/05/15 16:07:00,https://login.smxylw.com/?GwT9t1SS0lKdrgZytXqtLWRi,第一生命保険株式会社
2026/05/15 16:07:00,https://www.smxylw.com/?tOXO3ZgZruD43ZFhJP2mIXhC,第一生命保険株式会社
2026/05/15 16:07:00,https://login.uk12362.com/?1OytGSbu4HfecPVfmSjI30h6,第一生命保険株式会社
2026/05/15 16:07:00,https://www.uk12362.com/?4crMgXSLL80dKx1CSYcLNVke,第一生命保険株式会社
2026/05/15 16:07:00,https://login.zk-leqiu.com/?P3c43v1w7s1XaIFZvNM90qvP,第一生命保険株式会社
2026/05/15 16:07:00,https://www.zk-leqiu.com/?SESwoRBbBwMmyXMwCFQNc0ZL,第一生命保険株式会社
2026/05/15 17:17:00,https://login.saxoiccotr.dev/q4mK5uZ7kx,SAISON CARD
2026/05/18 10:18:00,https://www.communitypoprefs.com/,楽天カード
2026/05/18 10:21:00,https://cwzxpx.com/?type=verify&key=hsknbilpeu,SAISON CARD
2026/05/18 10:21:00,https://cwzxpx.com/?type=verify&key=ivqvbnixyo,SAISON CARD
2026/05/18 10:21:00,https://fullstopfitness.com/?type=verify&key=xwzkapamaa,SAISON CARD
2026/05/18 10:21:00,https://qdzsamc.com/?type=verify&key=jeahrxavor,SAISON CARD
2026/05/18 10:21:00,https://qdzsamc.com/?type=verify&key=jetkmxpiok,SAISON CARD
2026/05/18 10:21:00,https://sajop.com/?type=verify&key=temjrbyvnj,SAISON CARD
2026/05/18 10:57:00,https://bfloyqsyqp.top/jp,SAISON CARD
2026/05/18 10:57:00,https://ezvsxsqkfvuxw.top/jp,SAISON CARD
2026/05/18 10:57:00,https://glbtcnua.top/jp,SAISON CARD
2026/05/18 10:57:00,https://heandsqbdffyj.top/jp,SAISON CARD
2026/05/18 10:57:00,https://hlacxccwc.top/jp,SAISON CARD
2026/05/18 10:57:00,https://huiyvlmys.top/jp,SAISON CARD
2026/05/18 10:57:00,https://ixuvpaccpxirqq.top/jp,SAISON CARD
2026/05/18 10:57:00,https://kjukjiquvbzrfz.top/jp,SAISON CARD
2026/05/18 10:57:00,https://nwkjbespylbvu.top/jp,SAISON CARD
2026/05/18 10:57:00,https://ohyihxfgnpqv.top/jp,SAISON CARD
2026/05/18 10:57:00,https://pkiykwnwjvlnqd.top/jp,SAISON CARD
2026/05/18 10:57:00,https://pyrjfarloiyre.top/jp,SAISON CARD
2026/05/18 10:57:00,https://rrjwvtkunjxnym.top/jp,SAISON CARD
2026/05/18 10:57:00,https://sclkpspeosdrua.top/jp,SAISON CARD
2026/05/18 10:57:00,https://sjxniqlkcafmej.top/jp,SAISON CARD
2026/05/18 10:57:00,https://tdftkpcb.top/jp,SAISON CARD
2026/05/18 10:57:00,https://tmcwiutihwmhp.top/jp,SAISON CARD
2026/05/18 10:57:00,https://vqvhxymibxw.top/jp,SAISON CARD
2026/05/18 10:57:00,https://xrbwqfzqqzhez.top/jp,SAISON CARD
2026/05/18 10:57:00,https://zmswpdcm.top/jp,SAISON CARD
2026/05/18 12:26:00,https://documentrequiresaction.efficientworkflows.de/xFQYx#,Microsoft
2026/05/18 12:26:00,https://documentrequiresaction.efficientworkflows.de/xFQYx/#%5B%5B-Email-%5D%5D,Microsoft
2026/05/18 13:26:00,https://atssta.com/ats/info_mail,@nifty
2026/05/18 14:30:00,https://www.ahxltsjy.com/,エポスカード
2026/05/18 14:30:00,https://www.hbsjlcz.com/,エポスカード
2026/05/18 14:30:00,https://www.qzsksjx.com/,エポスカード
2026/05/18 14:36:00,https://j.djzns.fun/abc,エポスカード
2026/05/18 14:36:00,https://eposcard.jtexpess.com/abc,エポスカード
2026/05/18 14:50:00,https://wankuntu.com/kpbshtuk/,エポスカード
2026/05/18 14:50:00,https://ypmdbh.com/kpbshtuk/,エポスカード
2026/05/18 15:05:00,https://qzszywl.com/jp,えきねっと
2026/05/18 15:05:00,https://ynhsgij.com/jp,えきねっと
2026/05/18 15:11:00,https://www.fxletu.com/NSkzjRGn/pNcNuhJT,えきねっと
2026/05/18 15:14:00,https://help.hkbnxa.com/5zWuM7CC,SBI証券
2026/05/18 15:18:00,https://wfxinyue.com/KLKeWrZi/,えきねっと
2026/05/18 15:46:00,https://shlnkln-bnnka.com/htm/sh1n/selectState,全国信用金庫協会
2026/05/18 15:46:00,https://shlnkln-bnnkb.com/htm/sh1n/selectState,全国信用金庫協会
2026/05/18 15:46:00,https://shlnkln-bnnkc.com/htm/sh1n/selectState,全国信用金庫協会
2026/05/18 15:46:00,https://shlnkln-bnnkd.com/htm/sh1n/selectState,全国信用金庫協会
2026/05/18 15:46:00,https://shlnkln-bnnke.com/htm/sh1n/selectState,全国信用金庫協会
2026/05/18 15:46:00,https://shlnkln-bnnkf.com/htm/sh1n/selectState,全国信用金庫協会
2026/05/18 15:46:00,https://shlnkln-bnnkg.com/htm/sh1n/selectState,全国信用金庫協会
2026/05/18 15:46:00,https://shlnkln-bnnkh.com/htm/sh1n/selectState,全国信用金庫協会
2026/05/18 16:07:00,https://diirect-jabank-jp.com/ib-index-tops-index-BSCCT0080,JAバンク
2026/05/18 16:07:00,https://direcit-jabank-jp.com/ib-index-tops-index-BSCCT0080,JAバンク
2026/05/18 16:07:00,https://directi-jabank-jp.com/ib-index-tops-index-BSCCT0080,JAバンク
2026/05/18 16:07:00,https://direict-jabank-jp.com/ib-index-tops-index-BSCCT0080,JAバンク
2026/05/18 16:07:00,https://diriect-jabank-jp.com/ib-index-tops-index-BSCCT0080,JAバンク
2026/05/18 16:07:00,https://selfs-daiichihid-life-co-jp.com/ib-index-tops-index-BSCCT0080,JAバンク
2026/05/18 16:07:00,https://wsiie-dai-ichi-life-jp.com/ib-index-tops-index-BSCCT0080,JAバンク
2026/05/18 16:09:00,https://elevage-des-bles.com/bniyycir/dfsj,Apple Account
2026/05/18 16:09:00,https://northcountrypizzashops.com/bniyycir/dfsj,Apple Account
2026/05/18 16:44:00,https://1sh.pl/Gq1n_H/,ポケットカード
2026/05/18 16:44:00,https://1sh.pl/Hr1aqi/,ポケットカード
2026/05/18 16:58:00,https://bom.so/WdxfmA/,ポケットカード
2026/05/18 16:58:00,https://bom.so/Wl4uuM/,ポケットカード
2026/05/18 17:31:00,https://czjshs.com/2d1c1d7ee/,エポスカード
2026/05/18 17:50:00,https://clw-car.com/,三井住友カード
2026/05/18 17:56:00,https://izfwnv.cn/oricos,オリコ
2026/05/18 17:56:00,https://uflxin.cn/oricos,オリコ
2026/05/19 09:12:00,https://saenktetoae.9fzzoqb.info/ypec=veorify&yukey=rdveoqt01bussslogs/,SAISON CARD
2026/05/19 09:12:00,https://saenftetoae.auudzs.info/ypec=veorify&yukey=rdveoqt01busaslogs/,SAISON CARD
2026/05/19 09:12:00,https://saenntetoae.beclje.info/rfy&yukey=rdqt01busslogs,SAISON CARD
2026/05/19 09:12:00,https://saesntetoae.bwasmd.info/rfy&yukey=rdqt01busslogs,SAISON CARD
2026/05/19 09:12:00,https://saeantetoae.cezlia.info/rfy&yukey=rdqt01busslogs,SAISON CARD
2026/05/19 09:12:00,https://saentefhtoae.czomsib.info/ypec=veorify&yukey=rdveoqt01busaslogs/,SAISON CARD
2026/05/19 09:12:00,https://saenltetoae.qmjj3zw.info/ypec=veorify&yukey=rdveoqt01bussslogs/,SAISON CARD
2026/05/19 09:12:00,https://saentjetoae.tfrtj4.info/ypec=veorify&yukey=rdveoqt01busaslogs/,SAISON CARD
2026/05/19 09:12:00,https://saewntetoae.uog468k.info/ypec=veorify&yukey=rdveoqt01bussslogs/,SAISON CARD
2026/05/19 09:12:00,https://saentqetoae.yfffs0s.info/ypec=veorify&yukey=rdveoqt01bussslogs/,SAISON CARD
2026/05/19 09:28:00,http://kmonosdesigntest.conohawing.com/1uvyhbn,Truist Bank
2026/05/19 09:28:00,https://kmonosdesigntest.conohawing.com/1uvyhbn,Truist Bank
2026/05/19 09:28:00,https://kmonosdesigntest.conohawing.com/1uvyhbn/,Truist Bank
2026/05/19 09:17:00,https://eslmwl.com/sai66e0c/,SAISON CARD
2026/05/19 10:14:00,https://view-snet.mhneyrefin.com/tbhfqqhe/?def=ault=HanylmHEAt61,ビューカード
2026/05/19 10:14:00,https://view-snet.iiure.com/tbhfqqhe/?def=ault=HXpzuOm39J,ビューカード
2026/05/19 10:14:00,https://view-snet.finessevelvet.com/tbhfqqhe/?def=ault=lbzhWcFIko,ビューカード
2026/05/19 11:00:00,https://login.hzcfcq.com/Le87KQFq/,SBI証券
2026/05/19 11:00:00,https://sbisec-co-jp.vpsyjk.com/kON5OlEv/,SBI証券
2026/05/19 11:00:00,https://login.vsqpfd.com/?_scpr=AnHR44hLRtfhxchgjcgfsdsgfjiuK5Vodq,SBI証券
2026/05/19 11:00:00,https://www.sec-help.yinzhy.com/KkltBeKo/,SBI証券
2026/05/19 10:42:00,https://qd-sansheng.com/udfgixtz,JCB
2026/05/19 10:42:00,https://zh-lite-857live.com/udfgixtz,JCB
2026/05/19 11:14:00,https://club-aisport.com/Nj1DYX,三井住友カード
2026/05/19 11:14:00,https://tips-aisport.com/Nj1DYX,三井住友カード
2026/05/19 11:18:00,https://thelouiegirl.com/,三井住友カード
2026/05/19 11:46:00,https://ekinet-jreindiex.help/,えきねっと
2026/05/19 11:46:00,https://ekinet-jreindiex.help/KLKeWrZi,えきねっと
2026/05/19 11:46:00,https://ekinet-jreindiex.help/login.php,えきねっと
2026/05/19 11:46:00,https://ekinet-jreindnex.help,えきねっと
2026/05/19 11:46:00,https://ekinet-jreindoex.help/,えきねっと
2026/05/19 11:46:00,https://ekinet-jreindoex.help/KLKeWrZi,えきねっと
2026/05/19 11:46:00,https://ekinet-jreindoex.help/login.php,えきねっと
2026/05/19 11:46:00,https://ekinet-jreindrex.help,えきねっと
2026/05/19 11:46:00,https://ekinet-jreindrex.help/,えきねっと
2026/05/19 11:46:00,https://ekinet-jreindrex.help/KLKeWrZi,えきねっと
2026/05/19 11:46:00,https://ekinet-jreindrex.help/login.php,えきねっと
2026/05/19 11:46:00,https://ekinet-jreinduex.help/,えきねっと
2026/05/19 11:46:00,https://ekinet-jreinduex.help/KLKeWrZi,えきねっと
2026/05/19 13:32:00,https://www.http-leisuty.com/rewards,American Express
2026/05/19 14:21:00,https://iballcloud.com/auth/callback/WxFepCHlnv,三井住友カード
2026/05/19 14:21:00,https://kirstenireland.com/brand/oZgoyYkfJC,三井住友カード
2026/05/19 14:21:00,https://permanentyoga.com/page/HIVhifBQLoSIdhi,三井住友カード
2026/05/19 14:24:00,https://eneashistoria.com/verification/,三井住友カード
2026/05/19 14:24:00,https://locateacab.com/verification,三井住友カード
2026/05/19 14:24:00,https://mashkelnews.com/verification,三井住友カード
2026/05/19 14:24:00,https://speersstories.com/verification,三井住友カード
2026/05/19 14:24:00,https://sugarrealmblog.com/verification/,三井住友カード
2026/05/19 14:30:00,https://frostyhilltop.com/jp,三菱UFJ銀行
2026/05/19 14:30:00,https://hndbvjseftv.top/jp,三菱UFJ銀行
2026/05/19 14:30:00,https://qyzacfdedvwnwj.top/jp,三菱UFJ銀行
2026/05/19 14:30:00,https://rojlwalltfhiv.top/jp,三菱UFJ銀行
2026/05/19 14:30:00,https://uuuwlsknxakejj.top/jp,三菱UFJ銀行
2026/05/19 14:30:00,https://wgjzssbnyrenf.top/jp,三菱UFJ銀行
2026/05/19 14:33:00,https://tthiy.cn/oricos/,オリコ
2026/05/19 15:00:00,https://lieshalee.com/?type=verify&key=jhqddeelcc,SAISON CARD
2026/05/19 15:00:00,https://rhythmicportraits.com/?type=verify&key=lkuqulczbk,SAISON CARD
2026/05/19 15:00:00,https://vidmateapps.com/?type=verify&key=uhgohlvtxh,SAISON CARD
2026/05/19 15:14:00,https://okfujjtieee.top/jp,SAISON CARD
2026/05/19 15:14:00,https://rcmktgsxuefg.top/jp,SAISON CARD
2026/05/19 15:14:00,https://zngprxmdysoqdg.top/jp,SAISON CARD
2026/05/19 15:17:00,https://bfrozovjfpfef.top/jp,SAISON CARD
2026/05/19 15:17:00,https://crimsonvalleynight.com/jp,SAISON CARD
2026/05/19 15:17:00,https://cysceurcg.top/jp,SAISON CARD
2026/05/19 15:17:00,https://htnokrngr.top/jp,SAISON CARD
2026/05/19 15:17:00,https://wvgugbxlcl.top/jp,SAISON CARD
2026/05/19 15:41:00,https://ekinet-jreindoex.help/8693f885,えきねっと
2026/05/19 15:41:00,https://ekinet-jreindoex.help/xlopasd,えきねっと
2026/05/19 16:38:00,https://amaaomn.only-hbzb.com/amazazzom,Amazon
2026/05/19 16:41:00,http://qdtongxun.com/,Amazon
2026/05/19 17:07:00,https://hzsdxs.com/code/ZwpvtXDfpg/activate,三井住友カード
2026/05/19 17:07:00,https://hzsdxs.com/deal/UaVMgwpUZI,三井住友カード
2026/05/19 17:07:00,https://hzsdxs.com/detail/wAcZtmyeeF,三井住友カード
2026/05/19 17:07:00,https://hzsdxs.com/listing/cDqnKqLjjz,三井住友カード
2026/05/19 16:40:00,https://apid-clouds.cyou/id-verify,Apple Account
2026/05/19 16:40:00,https://app-cloud-idv.lat/id-verify,Apple Account
2026/05/19 16:40:00,https://appleid-server.sbs/id-verify,Apple Account
2026/05/19 16:58:00,https://zh-eu-leisu.com/,TEPCO
2026/05/19 17:23:00,https://ba57bbpyrt1u.kkfox.com/,ETC利用照会サービス
2026/05/19 17:23:00,https://ba57bbpyrt1u.kkfox.com/refund.php,ETC利用照会サービス
2026/05/19 17:26:00,https://kumonsen.com/ioid/mailopt-sso,@nifty
2026/05/19 17:55:00,https://carlsautobodyshop.com/?type=verify&key=mjjpwswksk,三菱UFJ銀行
2026/05/19 17:55:00,https://freesentencechecker.com/?type=verify&key=zpminbrowb,三菱UFJ銀行
2026/05/19 17:55:00,https://insurancesschool.com/?type=verify&key=oewncmaukq,三菱UFJ銀行
2026/05/19 17:55:00,https://mbapped.com/?type=verify&key=wsayyjegoa,三菱UFJ銀行
2026/05/19 17:55:00,https://roadcodereportcard.com/?type=verify&key=zfppjuwpad,三菱UFJ銀行
2026/05/19 17:18:00,https://shijiazhuangzuohui.com/?label=8d05e362d50c870a3fa8b84438603941,三井住友カード
2026/05/19 17:18:00,https://shijiazhuangzuohui.com/?label=8d05e362d50c870a3fa8b84438603941,三井住友カード
2026/05/19 17:18:00,https://esport-perfectworld.com/OZzOS,三井住友カード
2026/05/19 17:18:00,https://esport-perfectworld.com/hZolJ,三井住友カード
2026/05/19 17:18:00,https://www.platform-49tuku.com/?token=PU1UTnpZR014QXpZMFltWnpNV1lpbGpPNk1tWXRObk82QW5hdVVtYnVRWFp1MXliejVpTWhCSFFqOVdi&e=*&t=1778959434&direct=1,三井住友カード
2026/05/19 17:18:00,https://www.pc-sports-milem6.com/?token=PT1RWjVBRE14QXpOMmtUWmtoalkxRW1ZNm96WWkxMmM2b0RjcTVTWnU1Q2RsNVdMdk5uTDRjbWNBTlhkekZXZQ==&e=*&t=1778959205&direct=1,三井住友カード
2026/05/20 09:49:00,https://agzkcwwynu.top/jp,SAISON CARD
2026/05/20 09:49:00,https://jwqlixgurh.top/jp,SAISON CARD
2026/05/20 10:17:00,https://xuesqj.cn/gptzpeGHO8.japan.com/,オリコ
2026/05/20 10:41:00,https://jraest.bjsjtsgkzyfzx.com/verification/brrvytth/Login,ビューカード
2026/05/20 10:41:00,https://jraest.bjsjtsgkzyfzx.com/verification/brrvytth/Login/,ビューカード
2026/05/20 10:42:00,https://jraest.achemicalpeel.com/verification/brrvytth/Login,ビューカード
2026/05/20 10:42:00,https://jraest.achemicalpeel.com/verification/brrvytth/Login/,ビューカード
2026/05/20 10:42:00,https://jraest.brandbaddies.com/verification/brrvytth/Login,ビューカード
2026/05/20 10:42:00,https://jraest.brandbaddies.com/verification/brrvytth/Login/,ビューカード
2026/05/20 10:42:00,https://jraest.bunnellsmokeshop.com/verification/brrvytth/Login,ビューカード
2026/05/20 10:42:00,https://jraest.bunnellsmokeshop.com/verification/brrvytth/Login/,ビューカード
2026/05/20 10:42:00,https://jraest.dhbxf.com/verification/brrvytth/Login,ビューカード
2026/05/20 10:42:00,https://jraest.dhbxf.com/verification/brrvytth/Login/,ビューカード
2026/05/20 10:42:00,https://jraest.ekeytattoos.com/verification/brrvytth/Login,ビューカード
2026/05/20 10:42:00,https://jraest.ekeytattoos.com/verification/brrvytth/Login/,ビューカード
2026/05/20 10:42:00,https://jraest.hfzhuanli.com/verification/brrvytth/Login,ビューカード
2026/05/20 10:42:00,https://jraest.hfzhuanli.com/verification/brrvytth/Login/,ビューカード
2026/05/20 10:42:00,https://jraest.rsgcourseonline.com/verification/brrvytth/Login,ビューカード
2026/05/20 10:42:00,https://jraest.rsgcourseonline.com/verification/brrvytth/Login/,ビューカード
2026/05/20 10:42:00,https://jraest.shkolavuzrabota.com/verification/brrvytth/Login,ビューカード
2026/05/20 10:42:00,https://jraest.shkolavuzrabota.com/verification/brrvytth/Login/,ビューカード
2026/05/20 11:41:00,https://login.kmhztq.com/?rberTKwYEAil&type=paypay,JRE POINT
2026/05/20 11:41:00,https://www.hbqmwh.com/?Thbn42Mw993L&type=paypay,JRE POINT
2026/05/20 11:41:00,https://login.gjiela.com/?Dvlt6z3pRLyl&type=paypay,JRE POINT
2026/05/20 11:41:00,https://login.gjiela.com/?1iCdaQzRhJOH&type=paypay,JRE POINT
2026/05/20 11:41:00,https://login.gjiela.com/?wZMwpdN82pp8&type=paypay,JRE POINT
2026/05/20 11:41:00,https://www.gtesto.com/?A75KcmeVL0hk&type=paypay,JRE POINT
2026/05/20 11:41:00,https://login.gmpsdb.com/?Wdo72gImzkOu&type=paypay,JRE POINT
2026/05/20 11:41:00,https://login.gthhy.com/?y77uBOGujY2c&type=paypay,JRE POINT
2026/05/20 11:41:00,https://www.gthhy.com/?KqApaiyqeAOe&type=paypay,JRE POINT
2026/05/20 11:56:00,https://chloelearningcentre.com/?type=verify&key=jqfrnclsuv,SAISON CARD
2026/05/20 11:56:00,https://gmfuneralsupplies.com/?type=verify&key=ctcafqukps,SAISON CARD
2026/05/20 14:46:00,https://hzsdxs.com/listing/vdGxGenuqX,ビューカード
2026/05/20 14:48:00,https://login.gktzjt.com/?ZY6iyeod6gVv&type=vpoint,Vポイント
2026/05/20 14:48:00,https://login.gkwxh.com/?MipNqUoQ0NNU&type=vpoint,Vポイント
2026/05/20 14:48:00,https://www.gkwxh.com/?vg6mUfKzZevv&type=vpoint,Vポイント
2026/05/20 14:48:00,https://login.gkgmu.com/?hgkO1iWKyeJZ&type=vpoint,Vポイント
2026/05/20 14:53:00,https://jamesthegardener.com/sd/df/e/rt/th/g129/,三井住友カード
2026/05/20 14:53:00,https://kheverything.com/,三井住友カード
2026/05/20 14:53:00,https://www.nb-milanapp.com/?token=NFVXT2xKMk14Z3pNNU1ET3lJRE5ocGpPakpXYnpwak93cG1MbDVtTDBWbWJ0ODJjdVF6WTRCVWJ0OG1jcFYyYQ==&e=a2Vpcm8tbUB4YzQuc28tbmV0Lm5lLmpw&t=1779048034&direct=1,三井住友カード
2026/05/20 14:53:00,https://proteinsstore.com/verification/,三井住友カード
2026/05/20 14:53:00,https://home-douqiudi.com/UvstE,三井住友カード
2026/05/20 14:53:00,https://jeffreytaylorins.com/sd/df/e/rt/th/g129/,三井住友カード
2026/05/20 14:53:00,https://itsallforone.com/sd/df/e/rt/th/g129/,三井住友カード
2026/05/20 15:11:00,https://idhlimjktx1a.kkfox.com/,ETC利用照会サービス
2026/05/20 15:12:00,https://view-snet.mhneyrefin.com/tbhfqqhe,ビューカード
2026/05/20 15:12:00,http://view-snet.mhneyrefin.com/tbhfqqhe/,ビューカード
2026/05/20 15:12:00,https://view-snet.iiure.com/tbhfqqhe,ビューカード
2026/05/20 15:12:00,http://view-snet.iiure.com/tbhfqqhe/,ビューカード
2026/05/20 15:12:00,https://view-snet.finessevelvet.com/tbhfqqhe,ビューカード
2026/05/20 15:12:00,http://view-snet.finessevelvet.com/tbhfqqhe/,ビューカード
2026/05/20 15:46:00,https://www.oebbvb.com/?nTptGDolbr1h&type=vpoint,Vポイント
2026/05/20 15:46:00,https://www.tdsykj.com/?Efr8dUeSK3Bz&type=vpoint,Vポイント
2026/05/20 15:46:00,https://www.gsyblo.com/?ejxlfwJk0vzB&type=vpoint,Vポイント
2026/05/20 15:46:00,https://www.nxusn.com/?wHTx5230NWVk&type=vpoint,Vポイント
2026/05/20 15:54:00,https://kyotosaka.com/track/IVjDXrCJQgNvhf/detail,ビューカード
2026/05/20 15:54:00,https://libangshou.com/yhFAJTLlBldAq/view,ビューカード
2026/05/20 15:54:00,https://mytbms.com/guide/aPTEPEwmXh,ビューカード
2026/05/20 16:41:00,https://gvqolbkorxyr.top/jp,SAISON CARD
2026/05/20 16:41:00,https://oghixsglnpj.top/jp,SAISON CARD
2026/05/20 16:41:00,https://rsmaywfvedv.top/jp,SAISON CARD
2026/05/20 16:41:00,https://sthmttvlfoo.top/jp,SAISON CARD
2026/05/20 16:45:00,https://ic-app-server.co/id-verify,Apple Account
2026/05/20 17:09:00,https://0tt9o3zrzdypa5ik.s3.ap-south-1.amazonaws.com/index.html,楽天カード
2026/05/20 17:09:00,https://ummqvz0msuv5892o.s3.ap-south-1.amazonaws.com/index.html,楽天カード
2026/05/20 17:09:00,https://upgj34ub82aegj7l.s3.ap-south-1.amazonaws.com/index.html,楽天カード
2026/05/20 17:10:00,https://xuesqj.cn/QO8tJTpi6E.jp.net,オリコ
2026/05/20 17:10:00,https://xuesqj.cn/tHqqsXkloY.aichi.jp,オリコ
2026/05/20 17:17:00,https://login.hbaaaa.com/?9Nc95L2pCn3V&type=paypay,JRE POINT
2026/05/20 17:17:00,https://www.hikufn.com/?zVSanOdNLxGf&type=paypay,JRE POINT
2026/05/20 17:17:00,https://www.hkqfqn.com/?2sQMjiBtaQRA&type=paypay,JRE POINT
2026/05/20 17:17:00,https://www.hdaxyl.com/?RbCPDzILvvsw&type=paypay,JRE POINT
2026/05/20 17:17:00,https://www.pgwkd.com/?PCGG8xFR1DvM&type=paypay,JRE POINT
2026/05/20 17:17:00,https://login.ixmnuc.com/?APdrLSpV3Sd4&type=paypay,JRE POINT
2026/05/20 17:17:00,https://www.jrdte.com/?nw9FEmhnKxH2&type=paypay,JRE POINT
2026/05/20 17:17:00,https://login.mhuji.com/?rqL7yLfpXT5t&type=paypay,JRE POINT
2026/05/20 17:17:00,https://login.fvyvd.com/?tANRdRdopIwy&type=paypay,JRE POINT
2026/05/20 17:20:00,https://www.rcxhbx.com/?HIXag2rsEp9R&type=line,Ponta Web
2026/05/20 17:24:00,https://rakuten.breaklinks.com/,楽天カード
2026/05/20 17:24:00,https://rakuten.delightofmine.com/,楽天カード
2026/05/20 17:24:00,https://uorjaw.info/dwnjg/,楽天カード
2026/05/20 17:24:00,https://rakuten.foametixcanada.com/,楽天カード
2026/05/20 17:24:00,https://piuwrh.info/dwnjg/,楽天カード
2026/05/20 17:24:00,https://rakuten.camerasy.com/,楽天カード
2026/05/20 17:30:00,https://2-c3p.pages.dev/,楽天カード
2026/05/20 17:39:00,https://home-bbsports.info/top,ANA
2026/05/21 09:31:00,https://id-auth-orico.wzowvn.com/uygizlny/?scripts=eorico=3sAJFPKgb,オリコ
2026/05/21 10:12:00,https://automatictjuvlarm.com/udfgixtz,JCB
2026/05/21 10:34:00,https://ic-server.co/id-verify,Apple Account
2026/05/21 10:32:00,https://broward-public-adjusters.com/sdw/8sd/sd8sd/wds5dw/129/,Apple Account
2026/05/21 10:32:00,https://charleston-webdesign.com/sdw/8sd/sd8sd/wds5dw/129/,Apple Account
2026/05/21 10:35:00,https://www.buycbdoil10.com/,Apple Account
2026/05/21 10:42:00,https://malareka-torlaci.com/bniyycir/dfsj,Apple Account
2026/05/21 10:42:00,https://trademarkexteriorsinc.com/bniyycir/dfsj,Apple Account
2026/05/21 10:44:00,https://official-xingkong-main.com/visa.co.jp/myiheshh/,VISA
2026/05/21 10:44:00,https://top-zh-milansport.com/visa.co.jp/myiheshh/,VISA
2026/05/21 10:44:00,https://zh-center-hupuesports.com/visa.co.jp/myiheshh/,VISA
2026/05/21 10:44:00,https://zhk-mksport.com/visa.co.jp/myiheshh/,VISA
2026/05/21 11:04:00,https://sso.ni.ftypageid-0526.com/ovwa/asd,@nifty
2026/05/21 11:09:00,https://lwzbwwyep.top/jp,SAISON CARD
2026/05/21 11:04:00,https://refundandreturn.com/?type=verify&key=sopzchxqzm,SAISON CARD
2026/05/21 11:04:00,https://refundandreturn.com/?type=verify&key=ttenithydq,SAISON CARD
2026/05/21 10:58:00,https://npbwxrioagpx.top/jp,SAISON CARD
2026/05/21 10:58:00,https://swzbtckockoveo.top/jp,SAISON CARD
2026/05/21 10:58:00,https://udechaafmgpv.top/jp,SAISON CARD
2026/05/21 10:58:00,https://xlutoskaqmy.top/jp,SAISON CARD
2026/05/21 13:53:00,https://k99o90fhc2nj.maskernosker.com/refund.php,ETC利用照会サービス
2026/05/21 13:53:00,https://6chgaejfh2at.kosmokloshinking.com/?session=uSoEKheXgQywRLnlmFN&t=1779164168,ETC利用照会サービス
2026/05/21 13:53:00,https://xe4h3yoxwfd5.kosmokloshinking.com/refund.php,ETC利用照会サービス
2026/05/21 13:48:00,https://suppoert.zhcn-web-kaiyunapp.com/amazazzom/,Amazon
2026/05/21 13:48:00,https://flamingswordcod.com/,Amazon
2026/05/21 13:48:00,https://employee5.com/,Amazon
2026/05/21 13:42:00,https://pr-career.com/sgcklmvl129/,Amazon
2026/05/21 13:42:00,https://we-power-the-world.com/sgcklmvl129/,Amazon
2026/05/21 13:39:00,https://gneyvsfqlamrjiqj.s3.us-east-2.amazonaws.com/jppost.html,Amazon
2026/05/21 13:11:00,https://login.njcttestx.com,JRE POINT
2026/05/21 13:11:00,https://1779315503.liangxing-trade.com/?1779315503_nao.k.01%5B@%5Dau.com,JRE POINT
2026/05/21 13:11:00,https://1779315503.liangxing-trade.com/landing.php,JRE POINT
2026/05/21 13:11:00,https://login.binghangqp.cn/home,JRE POINT
2026/05/21 13:57:00,https://www-pge.com/top,ANA
2026/05/21 14:36:00,https://rakuten.lindabensonhomes.com/,楽天カード
2026/05/21 14:36:00,https://rakuten.stewartpta.com/,楽天カード
2026/05/21 15:12:00,https://vrsufd.shop/b_info.html,ヤマト運輸
2026/05/21 16:09:00,https://orico1776477757.aycsnetwork.com/?pid=QsKnInIuqkpCgEElHCgVO6bS&e=example@example.or.jp&dt=1776477757,オリコ
2026/05/21 16:09:00,https://orico1776016057.at-software.com/?pid=,オリコ
2026/05/21 17:04:00,https://raku.inesblanco.com/,楽天
2026/05/21 17:16:00,https://20260545054506.nzmjs.cn/20260545054506,楽天カード
2026/05/21 17:27:00,https://hqqxzr.cn/letians/,楽天カード
2026/05/21 17:27:00,https://lyimjo.cn/letians/,楽天カード
2026/05/21 17:30:00,https://login.jianayibopcb.com,JRE POINT
2026/05/21 17:30:00,https://login.jianayibopcb.com/,JRE POINT
2026/05/21 17:30:00,https://www.jianayibopcb.com,JRE POINT
2026/05/21 17:30:00,https://www.jianayibopcb.com/,JRE POINT
2026/05/21 17:30:00,https://login.jiaze-cable.com,JRE POINT
2026/05/21 17:30:00,https://login.jiaze-cable.com/,JRE POINT
2026/05/22 09:45:00,https://fenghuawuye.com/,Amazon
2026/05/22 10:06:00,https://insurancesschool.com/?type=verify&key=dqtljctklt,SAISON CARD
2026/05/22 10:06:00,https://xzuicgn.eerxyyre.cn/jkautixtf/londut/,ETC利用照会サービス
2026/05/22 09:46:00,https://www.nlxgdx.com/,SAISON CARD
2026/05/22 09:57:00,https://essencesciart.com/?type=verify&key=jmkmoexqfv,SAISON CARD
2026/05/22 09:57:00,https://fullstopfitness.com/?type=verify&key=fcicesujet,SAISON CARD
2026/05/22 09:57:00,https://fullstopfitness.com/?type=verify&key=zihkdvjlnd,SAISON CARD
2026/05/22 09:57:00,https://fullstopfitness.com/?type=verify&key=glquupjysz,SAISON CARD
2026/05/22 09:57:00,https://lieshalee.com/?type=verify&key=gqjkhuusnh,SAISON CARD
2026/05/22 09:57:00,https://lieshalee.com/?type=verify&key=dfrgkcrwwj,SAISON CARD
2026/05/22 09:57:00,https://lieshalee.com/?type=verify&key=aabwlvtvjq,SAISON CARD
2026/05/22 09:57:00,https://rhythmicportraits.com/?type=verify&key=plosmbsfti,SAISON CARD
2026/05/22 09:57:00,https://vidmateapps.com/?type=verify&key=xepczzzbkz,SAISON CARD
2026/05/22 10:18:00,https://sunciess.pqcyoj.info/veorify&ukey=qt01bulogs/,SAISON CARD
2026/05/22 10:18:00,https://sunciess.qdqvad.info/veorify&ukey=qt01bulogs/,SAISON CARD
2026/05/22 10:18:00,https://sunciess.uyeaen.info/veorify&ukey=qt01bulogs/,SAISON CARD
2026/05/22 10:18:00,https://sunciess.mneuqf.info/veorify&ukey=qt01bulogs/,SAISON CARD
2026/05/22 10:41:00,https://1779356696.chenrihy.com/?1779356696_ken.to.45%5B@%5Dau.com,JRE POINT
2026/05/22 10:41:00,https://1779356696.chenrihy.com/landing.php,JRE POINT
2026/05/22 10:41:00,https://1779390657.nongradiosonpersonsinday.com/?1779390657_suz.tak.111%5B@%5Dau.com,JRE POINT
2026/05/22 10:41:00,https://1779390657.nongradiosonpersonsinday.com/landing.php,JRE POINT
2026/05/22 11:11:00,https://ekinet-jrepointindex.help,えきねっと
2026/05/22 11:11:00,https://ekinet-jrepointindex.help/,えきねっと
2026/05/22 11:11:00,https://ekinet-jrepointindex.help/LKRTWoTNOMlSO/index.html,えきねっと
2026/05/22 11:11:00,https://ekinet-jrepointindex.help/verification/belong/Login,えきねっと
2026/05/22 11:11:00,https://ekinet-jrepointindex.help/xlopasd,えきねっと
2026/05/22 11:11:00,https://ekinet-jrepointindnx.help,えきねっと
2026/05/22 11:11:00,https://ekinet-jrepointindux.help/LKRTWoTNOMlSO/index.html,えきねっと
2026/05/22 11:11:00,https://jreast-ekiindeix.help/home,えきねっと
2026/05/22 11:11:00,https://jreast-ekiindexu.help,えきねっと
2026/05/22 11:11:00,https://jreast-ekiindexu.help/,えきねっと
2026/05/22 11:11:00,https://jrekinet-dexen.help/,えきねっと
2026/05/22 11:11:00,https://jrekinet-dexin.help,えきねっと
2026/05/22 11:11:00,https://jrekinet-dexin.help/verification/belong/Login,えきねっと
2026/05/22 11:11:00,https://jrekinet-dexon.help/verification/belong/Login,えきねっと
2026/05/22 11:11:00,https://jrekinet-dexun.help/LKRTWoTNOMlSO/index.html,えきねっと
2026/05/22 11:35:00,https://shuowutechnology.com/ssd/ef/ef/w/d163/,Apple Account
2026/05/22 11:38:00,https://www.arbi-coin.com/,Apple Account
2026/05/22 11:38:00,https://amsetambience.com/,Apple Account
2026/05/22 11:38:00,http://is.gd/NGdFLe,Apple Account
2026/05/22 11:57:00,https://rbxmnbuzo.ksfmdqq.cn/nomelo/login_index/,ヨドバシカメラ
2026/05/22 11:48:00,https://howwejvsgsou.top/jp,メルカリ
2026/05/22 11:48:00,https://lnyymntwhapw.top/jp,メルカリ
2026/05/22 11:48:00,https://pfjfaioyoi.top/jp,メルカリ
2026/05/22 12:04:00,https://cff-mufg.bungzun.com/ZDwSbxon,三菱UFJニコス
2026/05/22 12:37:00,https://jraest.ispiceusa.com/verification/belong/Login/,ビューカード
2026/05/22 11:57:00,https://aochuangke.com/?type=verify&key=zqwdwgrrwa,メルカリ
2026/05/22 11:57:00,https://awcnfts.com/?type=verify&key=ghqroltjuz,メルカリ
2026/05/22 11:57:00,https://bitcoinrollercoaster.com/?type=verify&key=zqwdwgrrwa,メルカリ
2026/05/22 11:57:00,https://howlongtosave.com/?type=verify&key=yvnmuadfoh,メルカリ
2026/05/22 11:57:00,https://jinsinao.com/?type=verify&key=zqwdwgrrwa,メルカリ
2026/05/22 11:57:00,https://utooutoo.com/?type=verify&key=zqwdwgrrwa,メルカリ
2026/05/22 13:15:00,https://www.evoquemystyle.com/QQZIjxjm/DfDfzKlR,ローソンチケット
2026/05/22 14:01:00,https://zh-cni-longzhu.com/XrDVrX,JCB
2026/05/22 14:01:00,https://zhcn-play-miguvideo.com/XrDVrX,JCB
2026/05/22 14:18:00,https://rptzwwxaoqfgu.top/jp,三菱UFJ銀行
2026/05/22 14:18:00,https://scfneyrrw.top/jp,三菱UFJ銀行
2026/05/22 14:30:00,https://henrygargan.com/?label=8095abc65af11a179c71ee3cf84c6b5c,三井住友カード
2026/05/22 14:43:00,https://www.web.ib.mizuhobanka.bvoxen.com/token=ZAn7LORRm,みずほ銀行
2026/05/22 14:43:00,https://www.web.ib.mizuhobanka.zhdmys.com/token=ZAn7LORRm,みずほ銀行
2026/05/22 14:55:00,https://gyoza-goya.jp/,外為どっとコム
2026/05/22 15:18:00,https://duestatement.efficientworkflows.de/JN7wI/,Microsoft
2026/05/22 15:27:00,https://www.aokxin.com/,楽天
2026/05/22 15:27:00,https://www.aokxin.com/?UzTBJSTfMeHL&type=rakuten,楽天
2026/05/22 15:27:00,https://www.minghaijinggong.com/,楽天
2026/05/22 15:27:00,https://login.english5u.com/?4DlmD6nNGjWU&type=rakuten,楽天
2026/05/22 15:27:00,https://login.english5u.com/?d69vmecRdtR5&type=rakuten,楽天
2026/05/22 15:27:00,https://www.xrkjz.com/?anmmK5gEQHUp&type=rakuten,楽天
2026/05/22 15:27:00,https://login.lianshangdaojia.com/?j3KCPMje9xKd&type=rakuten,楽天
2026/05/22 15:27:00,https://login.lianshangdaojia.com/?xCCmPo6lDnLx&type=rakuten,楽天
2026/05/22 16:30:00,https://login.xiaomaizg.com/,JRE POINT
2026/05/22 16:30:00,https://www.xiaomaizg.com,JRE POINT
2026/05/22 16:30:00,https://login.xiaomaizg.com/,JRE POINT
2026/05/22 16:30:00,https://www.xiaomaizg.com,JRE POINT
2026/05/22 16:30:00,https://login.kuangshakeji.com,JRE POINT
2026/05/22 16:30:00,https://www.kuangshakeji.com,JRE POINT
2026/05/22 16:30:00,https://login.fulaikeduo.com,JRE POINT
2026/05/22 16:30:00,https://www.fulaikeduo.com,JRE POINT
2026/05/22 16:30:00,https://www.fulaikeduo.com/,JRE POINT
2026/05/22 16:30:00,https://www.allbyte.cn/home,JRE POINT
2026/05/22 16:30:00,https://login.dzdingxin.com,JRE POINT
2026/05/22 16:30:00,https://login.dzdingxin.com/,JRE POINT
2026/05/22 16:30:00,https://www.dzdingxin.com,JRE POINT
2026/05/22 16:30:00,https://www.dzdingxin.com/,JRE POINT
2026/05/22 16:30:00,https://login.junshiwenzhi.com,JRE POINT
2026/05/22 16:30:00,https://www.junshiwenzhi.com,JRE POINT
2026/05/22 16:30:00,https://login.guanjidujiao.com,JRE POINT
2026/05/22 16:30:00,https://login.guanjidujiao.com/,JRE POINT
2026/05/22 16:30:00,https://www.guanjidujiao.com,JRE POINT
2026/05/22 16:30:00,https://www.guanjidujiao.com/,JRE POINT
2026/05/22 16:30:00,https://login.szscrc.com,JRE POINT
2026/05/22 16:30:00,https://login.szscrc.com/,JRE POINT
2026/05/22 16:30:00,https://www.szscrc.com,JRE POINT
2026/05/22 16:30:00,https://www.szscrc.com/,JRE POINT
2026/05/22 16:30:00,https://login.wnlhgcw.com,JRE POINT
2026/05/22 16:30:00,https://login.wnlhgcw.com/,JRE POINT
2026/05/22 16:30:00,https://www.wnlhgcw.com,JRE POINT
2026/05/22 16:30:00,https://www.wnlhgcw.com/,JRE POINT
2026/05/22 16:30:00,https://login.swdzzl.com,JRE POINT
2026/05/22 16:30:00,https://www.swdzzl.com,JRE POINT
2026/05/22 16:30:00,https://www.swdzzl.com/,JRE POINT
2026/05/22 16:30:00,https://login.beilayun.com,JRE POINT
2026/05/22 16:30:00,https://login.beilayun.com/,JRE POINT
2026/05/22 16:30:00,https://www.beilayun.com,JRE POINT
2026/05/22 16:30:00,https://login.bjhh188.com,JRE POINT
2026/05/22 16:30:00,https://login.bjhh188.com/,JRE POINT
2026/05/22 16:30:00,https://www.bjhh188.com,JRE POINT
2026/05/22 16:30:00,https://www.bjhh188.com/,JRE POINT
2026/05/22 16:30:00,https://login.weierteam.com,JRE POINT
2026/05/22 16:30:00,https://www.weierteam.com,JRE POINT
2026/05/22 16:30:00,https://login.mailboxedu.com,JRE POINT
2026/05/22 16:30:00,https://www.mailboxedu.com,JRE POINT
2026/05/22 16:30:00,https://login.toyo-trade.com,JRE POINT
2026/05/22 16:30:00,https://login.toyo-trade.com/,JRE POINT
2026/05/22 16:30:00,https://www.toyo-trade.com,JRE POINT
2026/05/22 16:30:00,https://www.toyo-trade.com/,JRE POINT
2026/05/22 16:30:00,https://login.sfanhua.com/,JRE POINT
2026/05/22 16:30:00,https://www.sfanhua.com,JRE POINT
2026/05/22 16:30:00,https://www.sfanhua.com/,JRE POINT
2026/05/22 16:30:00,https://login.kwzp-ai.com,JRE POINT
2026/05/22 16:30:00,https://www.kwzp-ai.com,JRE POINT
2026/05/22 16:30:00,https://www.kwzp-ai.com/,JRE POINT
2026/05/22 16:30:00,https://login.ziyouvk.com,JRE POINT
2026/05/22 16:30:00,https://login.ziyouvk.com/,JRE POINT
2026/05/22 16:30:00,https://www.ziyouvk.com,JRE POINT
2026/05/22 16:30:00,https://login.xdyxny.com,JRE POINT
2026/05/22 16:30:00,https://www.xdyxny.com,JRE POINT
2026/05/22 16:30:00,https://www.xdyxny.com/,JRE POINT
2026/05/22 16:30:00,https://login.huisouxia.com,JRE POINT
2026/05/22 16:30:00,https://www.huisouxia.com,JRE POINT
2026/05/22 16:30:00,https://www.huisouxia.com/,JRE POINT
2026/05/22 16:30:00,https://login.luodahb.com,JRE POINT
2026/05/22 16:30:00,https://www.luodahb.com,JRE POINT
2026/05/22 16:30:00,https://www.luodahb.com/,JRE POINT
2026/05/22 16:30:00,https://login.outongxue.com,JRE POINT
2026/05/22 16:30:00,https://www.outongxue.com,JRE POINT
2026/05/22 16:30:00,https://www.outongxue.com/,JRE POINT
2026/05/22 16:41:00,https://housesforsaleintennessee.com/?type=verify&key=zqwdwgrrwa,メルカリ
2026/05/22 16:41:00,https://whatswrongwithmybathroom.com/?type=verify&key=zqwdwgrrwa,メルカリ
2026/05/22 17:22:00,https://carvebank.com/plKaGyIx,Amazon
2026/05/22 17:22:00,https://jshpz.com/plKaGyIx,Amazon
2026/05/22 17:22:00,https://tabsnc.com/plKaGyIx,Amazon
2026/05/22 17:28:00,https://qingguoyyy.com/prime,Amazon
2026/05/22 17:32:00,https://boardconng.com/bxpm0om38dnt7aim2?k=abc123&ts=baim9rk=lz090ni5,Amazon
2026/05/22 17:35:00,https://lieshalee.com/?type=verify&key=pybivztbxc,SAISON CARD
2026/05/22 17:37:00,https://eqplnqxgmu.top/jp,SAISON CARD
2026/05/22 17:37:00,https://kbtrrrcsn.top/jp,SAISON CARD
2026/05/22 17:37:00,https://korrvrrfctpj.top/jp,SAISON CARD
2026/05/22 17:37:00,https://getsculpteddc.com/search/,Amazon
2026/05/22 18:07:00,https://jreast-ekiindoex.help,えきねっと
2026/05/22 18:07:00,https://jreast-ekiindoex.help/,えきねっと
2026/05/22 18:07:00,https://jreast-ekiindex.help,えきねっと
2026/05/22 18:07:00,https://jreast-ekiindex.help/,えきねっと
2026/05/22 18:07:00,https://jreast-ekiindex.help/login.php,えきねっと
2026/05/22 18:07:00,https://jreast-ekiindoex.help/xlopasd,えきねっと
2026/05/25 09:46:00,https://login.hzdxwhkj.com/?s8JXYYyvJc8H&type=ponta,Ponta Web
2026/05/25 09:46:00,https://login.yr0575.com/?d5toKvNe94UY&type=ponta,Ponta Web
2026/05/25 09:46:00,https://login.yr0575.com/?vzffhU0yjfBM&type=ponta,Ponta Web
2026/05/25 09:46:00,https://login.yr0575.com/?XLDOHLAMxupo&type=ponta,Ponta Web
2026/05/25 09:46:00,https://login.zhaokunhaisheng.com/?5VIgrBjEVOuf&type=ponta,Ponta Web
2026/05/25 09:46:00,https://www.zhaokunhaisheng.com/?FDYGBg3WkNqk&type=ponta,Ponta Web
2026/05/25 09:46:00,https://login.whqdfgd.com/?S23ULqBu1EdE&type=ponta,Ponta Web
2026/05/25 09:46:00,https://www.whqdfgd.com/?Nu6jVKryk5i3&type=ponta,Ponta Web
2026/05/25 10:22:00,https://vowtaisl.fyuvqm.cn/sfyxoiwh/index/,SAISON CARD
2026/05/25 10:36:00,https://gazjeufffw.top/jp,SAISON CARD
2026/05/25 10:36:00,https://ggthvumpjwxhmg.top/jp,SAISON CARD
2026/05/25 10:36:00,https://iilauseeifud.top/jp,SAISON CARD
2026/05/25 10:36:00,https://izeawmovs.top/jp,SAISON CARD
2026/05/25 10:36:00,https://ktsqlpescm.top/jp,SAISON CARD
2026/05/25 10:36:00,https://kxawbhjhrlkl.top/jp,SAISON CARD
2026/05/25 10:36:00,https://nattjyjfu.top/jp,SAISON CARD
2026/05/25 10:36:00,https://oxrkpdlybbl.top/jp,SAISON CARD
2026/05/25 10:36:00,https://pjnnamljdrhq.top/jp,SAISON CARD
2026/05/25 10:36:00,https://pndtuynps.top/jp,SAISON CARD
2026/05/25 10:36:00,https://qxesinraoonhp.top/jp,SAISON CARD
2026/05/25 10:36:00,https://rcscybplpwai.top/jp,SAISON CARD
2026/05/25 10:36:00,https://rfnwkgnolha.top/jp,SAISON CARD
2026/05/25 10:36:00,https://smrgeydaq.top/jp,SAISON CARD
2026/05/25 10:36:00,https://wqsgokxosloidj.top/jp,SAISON CARD
2026/05/25 10:36:00,https://ykrexlhfi.top/jp,SAISON CARD
2026/05/25 10:36:00,https://ylurrnfwwnq.top/jp,SAISON CARD
2026/05/25 10:36:00,https://yszmrgvlrukwbqwr.top/jp,SAISON CARD
2026/05/25 10:45:00,https://endorifnaotnesjaps.com/,エックスサーバー
2026/05/25 10:49:00,https://zh-offlcial-kaiyunsport.com/kajds890s,UC Card
2026/05/25 11:00:00,https://kockjk.nujpdv.cn/aceu_logiung/index.html/,三井住友カード
2026/05/25 11:05:00,https://bom.so/bBFbkX,三井住友カード
2026/05/25 11:05:00,https://bom.so/bBFbkX/,三井住友カード
2026/05/25 11:11:00,https://sunciess.cbeesh.info/fyjc&yukey=rdqt01busslo/,JCB
2026/05/25 11:11:00,https://jekency.dzauqy.info/fyjc&yukey=rdqt01busslo/,JCB
2026/05/25 11:11:00,https://jolbsome.cjn8dgi.info/fyjc&yukey=rdqt01busslo/,JCB
2026/05/25 11:11:00,https://jolsobme.ypvpsi.info/fyjc&yukey=rdqt01busslo/,JCB
2026/05/25 12:43:00,https://alsaceshoes.com/vuNMRIiI,えきねっと
2026/05/25 12:43:00,https://alsaceshoes.com/vuNMRIiI/,えきねっと
2026/05/25 12:43:00,https://sbarjranch.com/vuNMRIiI?QE7mE2,えきねっと
2026/05/25 12:43:00,https://sbarjranch.com/vuNMRIiI,えきねっと
2026/05/25 12:43:00,https://sbarjranch.com/vuNMRIiI/,えきねっと
2026/05/25 12:43:00,https://snpeptide.com/vuNMRIiI,えきねっと
2026/05/25 12:43:00,https://snpeptide.com/vuNMRIiI?wc3M7C,えきねっと
2026/05/25 12:43:00,https://snpeptide.com/vuNMRIiI/,えきねっと
2026/05/25 12:49:00,http://dfnvzdc.okuvvuo.cn/vfypen/mesber/index/,えきねっと
2026/05/25 12:57:00,https://login.qytckj.com,JRE POINT
2026/05/25 12:57:00,https://www.qytckj.com,JRE POINT
2026/05/25 12:57:00,https://www.qytckj.com/,JRE POINT
2026/05/25 12:57:00,https://login.whggbd.com,JRE POINT
2026/05/25 12:57:00,https://login.whggbd.com/,JRE POINT
2026/05/25 12:57:00,https://www.whggbd.com,JRE POINT
2026/05/25 13:02:00,https://pointdax-ekinet.help,えきねっと
2026/05/25 13:02:00,https://pointdax-ekinet.help/,えきねっと
2026/05/25 13:02:00,https://pointdex-ekinet.help,えきねっと
2026/05/25 13:02:00,https://pointdex-ekinet.help/,えきねっと
2026/05/25 13:02:00,https://pointdux-ekinet.help,えきねっと
2026/05/25 13:02:00,https://pointdux-ekinet.help/,えきねっと
2026/05/25 13:07:00,https://bom.so/GyFSgP/,えきねっと
2026/05/25 13:10:00,https://168.138.193.7/api/site-builder/pages/86a9c23e-68f/preview,じぶん銀行
2026/05/25 13:10:00,https://dark-ai666.com/api/site-builder/pages/86a9c23e-68f/preview,じぶん銀行
2026/05/25 13:10:00,https://www.dark-ai666.com/api/site-builder/pages/86a9c23e-68f/preview,じぶん銀行
2026/05/25 13:14:00,https://jraest-card.aqsiqsh.com/indexhtml,ビューカード
2026/05/25 13:14:00,https://jraest-card.aqsiqsh.com/indexhtml/,ビューカード
2026/05/25 13:14:00,https://jraest-card.gxprxx.com/indexhtml,ビューカード
2026/05/25 13:14:00,https://jraest-card.lldabaoji.com/indexhtml,ビューカード
2026/05/25 13:30:00,https://www.emtex.in/content/,楽天
2026/05/25 13:36:00,https://raku-ten.unagabu.com/nwUgdJPT,楽天カード
2026/05/25 13:36:00,https://raku-ten.unagabu.com/nwUgdJPT/,楽天カード
2026/05/25 13:55:00,https://hzsdxs.com/listing/vdGxGenuqX,ビューカード
2026/05/25 13:55:00,https://kyotosaka.com/track/IVjDXrCJQgNvhf/detail,ビューカード
2026/05/25 13:55:00,https://libangshou.com/yhFAJTLlBldAq/view,ビューカード
2026/05/25 13:55:00,https://mytbms.com/guide/aPTEPEwmXh,ビューカード
2026/05/25 13:55:00,https://xingpinwang.com/news/WcDgadglXk,ビューカード
2026/05/25 15:24:00,https://1sh.pl/Hr1aqi,ポケットカード
2026/05/25 15:13:00,https://lvbi.nsgjef.cn/netsgvice/logyino/,ポケットカード
2026/05/25 16:55:00,https://fdiscount.com/plKaGyIx,Amazon
2026/05/25 17:01:00,https://americanexpress-portal.jp/,American Express
2026/05/25 17:01:00,https://americanexpress-portal.jp/sp_personal.php,American Express
2026/05/25 17:13:00,https://www.english5u.com/?fp3Atb8UrkfW&type=rakuten,Vポイント
2026/05/25 17:13:00,https://login.xrkjz.com/?Gq1xJzoyH07u&type=rakuten,Vポイント
2026/05/25 17:13:00,https://login.qhetg.com/?fidU0FN1eBL9&type=rakuten,Vポイント
2026/05/25 17:13:00,https://login.qhetg.com/?HYiFCe73cwA0&type=rakuten,Vポイント
2026/05/25 17:29:00,https://www.alrwankw.com/abzphwcj,SAISON CARD
2026/05/25 17:35:00,https://www.casaqu.com/abzphwcj,SAISON CARD
2026/05/25 17:39:00,https://www.okayea.com/?mQRJYjZNQuKi&type=jrepoint,JRE POINT
2026/05/25 17:43:00,https://5v5q4fodh269i30cnh9e.s3.eu-south-2.amazonaws.com/2iY3ZBV7s.html,三井住友カード
2026/05/25 17:44:00,https://hxg68na0rk-5fvxl0ld0.s3.eu-west-1.amazonaws.com/UEbYisnpf.html,三井住友カード
2026/05/25 17:46:00,https://yca3j1dr42ww-kse0rko.s3.eu-west-2.amazonaws.com/NEBX67mOv.html,三井住友カード
2026/05/25 17:53:00,https://login.ws90.cn/?1vISBCz69icT&type=rakuten,楽天
2026/05/25 17:53:00,https://jsjdrz.com/mercari/?source=hwsd,メルカリ
2026/05/25 17:53:00,https://jsjdrz.com/mercari/?source=djwy,メルカリ
2026/05/25 17:53:00,https://jsjdrz.com/mercari/?source=inzj,メルカリ
2026/05/25 17:53:00,https://jsjdrz.com/mercari/?source=ukuj,メルカリ
2026/05/25 17:58:00,https://djwy.jfymall.com/mercari,メルカリ
2026/05/25 17:58:00,https://hwsd.jfymall.com/mercari,メルカリ
2026/05/25 17:58:00,https://inzj.jfymall.com/mercari,メルカリ
2026/05/25 17:58:00,https://ukuj.jfymall.com/mercari,メルカリ
2026/05/25 17:58:00,https://okvr.shingr.com/mercari,メルカリ
2026/05/26 10:00:00,https://login.ycsjyl.cn,JRE POINT
2026/05/26 10:00:00,https://www.ycsjyl.cn,JRE POINT
2026/05/26 10:00:00,https://login.204e.cn,JRE POINT
2026/05/26 10:00:00,https://login.204e.cn/,JRE POINT
2026/05/26 10:00:00,https://www.204e.cn,JRE POINT
2026/05/26 10:24:00,https://ekinet-jrcenter.help,えきねっと
2026/05/26 10:24:00,https://ekinet-jrcenter.help/,えきねっと
2026/05/26 10:24:00,https://ekinet-jrcenter.help/home,えきねっと
2026/05/26 10:24:00,https://ekinet-jrcenter.help/indexhtml,えきねっと
2026/05/26 10:24:00,https://ekinet-jrcenter.help/jp,えきねっと
2026/05/26 10:24:00,https://ekinet-jrenipon.help,えきねっと
2026/05/26 10:24:00,https://ekinet-jrenipon.help/,えきねっと
2026/05/26 10:24:00,https://ekinet-jrenipon.help/home,えきねっと
2026/05/26 10:24:00,https://ekinet-jrenipon.help/indexhtml,えきねっと
2026/05/26 10:24:00,https://ekinet-jrenipon.help/jp,えきねっと
2026/05/26 10:24:00,https://ekinet-jrgroups.help,えきねっと
2026/05/26 10:24:00,https://ekinet-jrgroups.help/,えきねっと
2026/05/26 10:24:00,https://ekinet-jrgroups.help/home,えきねっと
2026/05/26 10:24:00,https://ekinet-jrgroups.help/indexhtml,えきねっと
2026/05/26 10:24:00,https://ekinet-jrgroups.help/jp,えきねっと
2026/05/26 10:24:00,https://ekinet-jrmenber.help,えきねっと
2026/05/26 10:24:00,https://ekinet-jrmenber.help/,えきねっと
2026/05/26 10:24:00,https://ekinet-jrmenber.help/home,えきねっと
2026/05/26 10:24:00,https://ekinet-jrmenber.help/indexhtml,えきねっと
2026/05/26 10:24:00,https://ekinet-jrmenber.help/jp,えきねっと
2026/05/26 10:24:00,https://ekinet-jrpoints.help,えきねっと
2026/05/26 10:24:00,https://ekinet-jrpoints.help/,えきねっと
2026/05/26 10:24:00,https://ekinet-jrpoints.help/home,えきねっと
2026/05/26 10:24:00,https://ekinet-jrpoints.help/indexhtml,えきねっと
2026/05/26 10:24:00,https://ekinet-jrpoints.help/jp,えきねっと
2026/05/26 10:45:00,https://ldggqqk.com/obtdjazthttpseczxb/meisai.jp/index.html/,JCB
2026/05/26 10:45:00,https://lpiyte.com/ecb/meisai.jp/index.html,JCB
2026/05/26 10:30:00,https://jraest-card.deibmartins.com/indexhtml,ビューカード
2026/05/26 10:30:00,https://jraest-card.ispiceusa.com/indexhtml,ビューカード
2026/05/26 10:48:00,https://lchsjl.com/review/aOdCOHVRRQPwY,三井住友カード
2026/05/26 10:49:00,https://drrhxtrri6asjtgx.s3.us-east-2.amazonaws.com/index.html,VISA
2026/05/26 10:49:00,https://o4rbsxq7bvn8mc3m.s3.us-east-2.amazonaws.com/index.html,VISA
2026/05/26 10:53:00,https://my-view.miglioramentohome.com/tbhfqqhe/?def=ault=6et8pVeJg,ビューカード
2026/05/26 10:53:00,https://my-view.cosmeticiartisanalic.com/tbhfqqhe/?def=ault=xTkLgdaBw,ビューカード
2026/05/26 10:53:00,https://my-view.handmadetoysandgifts.com/tbhfqqhe/?def=ault=VtqR0zw7u,ビューカード
2026/05/26 10:53:00,https://my-view.giftedplaythings.com/tbhfqqhe/?def=ault=fMhzIqrjfaB,ビューカード
2026/05/26 10:53:00,https://my-view.arredamentocucinaitalia.com/tbhfqqhe/?def=ault=3980WIvG1H9v,ビューカード
2026/05/26 10:53:00,https://my-view.arredamentocucinafacile.com/tbhfqqhe/?def=ault=65MsbQCu,ビューカード
2026/05/26 10:53:00,https://my-view.thefunactivitystore.com/tbhfqqhe/?def=ault=JbdK5heEMOU,ビューカード
2026/05/26 10:53:00,https://my-view.theperfectlivingroom.com/tbhfqqhe/?def=ault=xLRfVwlyQiM,ビューカード
2026/05/26 10:53:00,https://my-view.interactivetoylab.com/tbhfqqhe/?def=ault=m619aryG,ビューカード
2026/05/26 10:54:00,https://e88s7elcahx0cv37.s3.eu-central-1.amazonaws.com/index.html,VISA
2026/05/26 10:57:00,https://l4dkemk3lpvc88y5.s3.ap-northeast-1.amazonaws.com/index.html,VISA
2026/05/26 11:02:00,https://crfdq8eqgj69b2ie.s3.ap-northeast-2.amazonaws.com/index.html,VISA
2026/05/26 11:05:00,https://kl3d1c7c1ahjd51m.s3.eu-west-3.amazonaws.com/index.html,VISA
2026/05/26 11:23:00,https://3dtgon2mf1byi1uf.s3.sa-east-1.amazonaws.com/index.html,VISA
2026/05/26 11:23:00,https://wou3guttle1fyfjh.s3.sa-east-1.amazonaws.com/index.html,VISA
2026/05/26 11:27:00,https://web-qiuyoutv.com/wayhhway/,VISA
2026/05/26 11:27:00,https://home-zh-leyuapp.com/wayhhway/,VISA
2026/05/26 11:30:00,https://gmqvnnmxih.top/jp,SAISON CARD
2026/05/26 11:30:00,https://qnibmlgry.top/jp,SAISON CARD
2026/05/26 11:30:00,https://skkqlijmszf.top/jp,SAISON CARD
2026/05/26 11:30:00,https://wicvxlkbehbi.top/jp,SAISON CARD
2026/05/26 12:28:00,https://mhptv.com/etc/meisai.jp/index.html,ETC利用照会サービス
2026/05/26 12:50:00,https://cqizvybx.bhmsbp.cn/iiufhys/eorio/loging/,オリコ
2026/05/26 13:09:00,https://gsxlicny.bjapmmk.cn/yual_login_exp/getuug/,DHL
2026/05/26 13:09:00,https://iceability.zlvvw.cn/yual_login_exp/getuug/,DHL
2026/05/26 13:09:00,https://ivjwpjd.bqsawm.cn/yual_login_exp/getuug/,DHL
2026/05/26 12:54:00,https://dfumbu.fytwfj.cn/nomelo/login_index/,ヨドバシカメラ
2026/05/26 12:54:00,https://rbxmnbuzo.ksfmdqq.cn/nomelo/login_index/,ヨドバシカメラ
2026/05/26 13:44:00,https://ekinet-jrecoenrt.help/jp,えきねっと
2026/05/26 13:44:00,https://ekinet-jrsupport.help/jp,えきねっと
2026/05/26 13:34:00,https://login.gzhrkj8.com,JRE POINT
2026/05/26 13:34:00,https://login.xjszmpq.com,JRE POINT
2026/05/26 13:34:00,https://www.xjszmpq.com,JRE POINT
2026/05/26 13:34:00,https://www.luhenggm.com/,JRE POINT
2026/05/26 13:34:00,https://www.fyqtyy.com,JRE POINT
2026/05/26 14:08:00,https://evypvhupvndxphg.top/jp,マネックス証券
2026/05/26 14:08:00,https://hfdeodqpdmjhgx.top/jp,マネックス証券
2026/05/26 14:08:00,https://lhawigzslhjueh.top/jp,マネックス証券
2026/05/26 14:08:00,https://xncefmzgemme.top/jp,マネックス証券
2026/05/26 14:08:00,https://zgswdlitkiekz.top/jp,マネックス証券
2026/05/26 13:23:00,https://xzuicgn.eerxyyre.cn/jkautixtf/londut/,ETC利用照会サービス
2026/05/26 14:26:00,https://0ou07d6l9a8j4tnfswnz.s3.eu-south-2.amazonaws.com/1XNpi7ZAm.html,三井住友カード
2026/05/26 14:26:00,https://8e6dq0sd9t2vud85u94l.s3.eu-south-2.amazonaws.com/BZaE3VDL5.html,三井住友カード
2026/05/26 14:26:00,https://8xsstk3kt-73ouu2m90v.s3.eu-south-2.amazonaws.com/1HbuVv9pw.html,三井住友カード
2026/05/26 14:26:00,https://eix-4xltgm5vm5n6ygoy.s3.eu-south-2.amazonaws.com/5UdHg4Zhu.html,三井住友カード
2026/05/26 14:26:00,https://gq23ioevimdykcbjwc2v.s3.eu-south-2.amazonaws.com/fWjLZa4ZI.html,三井住友カード
2026/05/26 14:26:00,https://p-2azq50d36mhez33lbl.s3.eu-south-2.amazonaws.com/xrAhBcq4w.html,三井住友カード
2026/05/26 14:26:00,https://pns3tjj7w34-dan1fe3p.s3.eu-south-2.amazonaws.com/a8j2V3jAq.html,三井住友カード
2026/05/26 14:26:00,https://rgkv-s66b807o0vjh5qk.s3.eu-south-2.amazonaws.com/VgF3qMxuU.html,三井住友カード
2026/05/26 14:26:00,https://ssg9ur0cy-1enusm3s4e.s3.eu-south-2.amazonaws.com/8IR2tucRw.html,三井住友カード
2026/05/26 14:26:00,https://y4rkz31q2z92qr12alpd.s3.eu-south-2.amazonaws.com/gJ2RTsuMw.html,三井住友カード
2026/05/26 14:29:00,https://lvgkp5gz3elljg2qg35o.s3.eu-central-2.amazonaws.com/hEV4pRj1H.html,三井住友カード
2026/05/26 14:32:00,https://0w8pg5kqxparrj6it0mg.s3.eu-west-1.amazonaws.com/NEtfCJFNC.html,三井住友カード
2026/05/26 14:32:00,https://1eb7z0jn6urbnkkzc026.s3.eu-west-1.amazonaws.com/NNRFU196V.html,三井住友カード
2026/05/26 14:32:00,https://385ngf85eofjg998qutk.s3.eu-west-1.amazonaws.com/cWczXZE0O.html,三井住友カード
2026/05/26 14:32:00,https://cf2c2dxur80aqkzjp6vl.s3.eu-west-1.amazonaws.com/gBRsnJxaD.html,三井住友カード
2026/05/26 14:32:00,https://eb5babn7kec1e99o57b1.s3.eu-west-1.amazonaws.com/dE2Yse1CT.html,三井住友カード
2026/05/26 14:32:00,https://hik3xegjerxa37aba0lj.s3.eu-west-1.amazonaws.com/QF3JT21lt.html,三井住友カード
2026/05/26 14:32:00,https://sdevxbups3bhhald5zhr.s3.eu-west-1.amazonaws.com/cbfv0PFsp.html,三井住友カード
2026/05/26 14:32:00,https://vxbxra1i9gqdwcdrs1o4.s3.eu-west-1.amazonaws.com/Q2Qi9wHx3.html,三井住友カード
2026/05/26 14:36:00,https://2v9k7lh5ob5ofor0ku1b.s3.eu-central-1.amazonaws.com/abbSSG8wt.html,三井住友カード
2026/05/26 14:36:00,https://8gar6q5uhelbxcvqff31.s3.eu-central-1.amazonaws.com/ZI9TvjSVa.html,三井住友カード
2026/05/26 14:36:00,https://9towfrb67o8tq2nuz768.s3.eu-central-1.amazonaws.com/ERbSRBD0o.html,三井住友カード
2026/05/26 14:36:00,https://bp6hzngvcyfynq0xd4ww.s3.eu-central-1.amazonaws.com/T9Hg4hUpV.html,三井住友カード
2026/05/26 14:36:00,https://uva3w42xg9j9tdiy9so0.s3.eu-central-1.amazonaws.com/0Qvj5VDPd.html,三井住友カード
2026/05/26 14:36:00,https://w74i84nfillyqutuo2wi.s3.eu-central-1.amazonaws.com/4kO6pUrTw.html,三井住友カード
2026/05/26 14:41:00,https://3cqkqzzdzj-qq6zo6jyi.s3.eu-west-3.amazonaws.com/fl5OFC6j7.html,三井住友カード
2026/05/26 14:41:00,https://41i4xxaegzdpl1xxmoer.s3.eu-west-3.amazonaws.com/avx3ZBYbh.html,三井住友カード
2026/05/26 14:41:00,https://7wl2bttqdzzv1w0lf037.s3.eu-west-3.amazonaws.com/PSkMX08cF.html,三井住友カード
2026/05/26 14:41:00,https://hjtxs8zgn5qill23y3sh.s3.eu-west-3.amazonaws.com/6f3nDA423.html,三井住友カード
2026/05/26 14:41:00,https://mx85je4ao5novvaglkq1.s3.eu-west-3.amazonaws.com/WhIoDOFpz.html,三井住友カード
2026/05/26 14:41:00,https://pp0nmojsz-0n7to0eyf4.s3.eu-west-3.amazonaws.com/aXmQURfBK.html,三井住友カード
2026/05/26 14:41:00,https://qeezd9mr1cz8dknzhq1q.s3.eu-west-3.amazonaws.com/nARAU0uCb.html,三井住友カード
2026/05/26 14:41:00,https://w060iwxz6fc94k754cc5.s3.eu-west-3.amazonaws.com/xehE3V3lm.html,三井住友カード
2026/05/26 14:45:00,https://18crq723u921d-o5n2-q.s3.eu-north-1.amazonaws.com/fv3AmOqfx.html,三井住友カード
2026/05/26 14:45:00,https://8s139dnc5a8w400dq441.s3.eu-north-1.amazonaws.com/waokazjCO.html,三井住友カード
2026/05/26 14:45:00,https://tkobae67y7150l8fj-xq.s3.eu-north-1.amazonaws.com/oBotvzb3T.html,三井住友カード
2026/05/26 14:45:00,https://uow1zy7dq18gfjdne-es.s3.eu-north-1.amazonaws.com/R45jYJYPo.html,三井住友カード
2026/05/26 14:45:00,https://wn2k8iaqm28etuomv2u3.s3.eu-north-1.amazonaws.com/E6lpOYBZA.html,三井住友カード
2026/05/26 14:50:00,https://07qno0f0rjwyi6z4aqqx.s3.eu-west-2.amazonaws.com/Y7qQWkgUt.html,三井住友カード
2026/05/26 14:50:00,https://beoaz4o-wzxaon5tv9mj.s3.eu-west-2.amazonaws.com/n3kIMXJZ8.html,三井住友カード
2026/05/26 14:50:00,https://f0zv-l-775ucvsfcr9q8.s3.eu-west-2.amazonaws.com/6hmufY6ki.html,三井住友カード
2026/05/26 14:50:00,https://guzqn0mz9xafcp1zjza6.s3.eu-west-2.amazonaws.com/rcOCOcqrH.html,三井住友カード
2026/05/26 14:50:00,https://hlo0ngdvfghte4lneotj.s3.eu-west-2.amazonaws.com/NUxHNj9lN.html,三井住友カード
2026/05/26 14:50:00,https://nu8q9rgac47r4kwqu45x.s3.eu-west-2.amazonaws.com/6xUf959PJ.html,三井住友カード
2026/05/26 14:50:00,https://numkhl5cflpjbrn4-9bd.s3.eu-west-2.amazonaws.com/K31ngBOdG.html,三井住友カード
2026/05/26 14:50:00,https://rwndhhqk0jl4l4wgtmfj.s3.eu-west-2.amazonaws.com/ythzSygnp.html,三井住友カード
2026/05/26 14:52:00,https://chw7tzmxlu3428bgxq-9.s3.eu-south-1.amazonaws.com/OHuXMwtLz.html,三井住友カード
2026/05/26 14:52:00,https://i1jgs7wc15w92x96xtij.s3.eu-south-1.amazonaws.com/zCOgQmOxm.html,三井住友カード
2026/05/26 14:52:00,https://mkt13p02i8f17s8ssh1m.s3.eu-south-1.amazonaws.com/L4ZNFuQ86.html,三井住友カード
2026/05/26 14:52:00,https://ttz7cz5t34qr3ncu78q4.s3.eu-south-1.amazonaws.com/QIf4Diwpt.html,三井住友カード
2026/05/26 14:52:00,https://utk72uyv7h83fov6orc0.s3.eu-south-1.amazonaws.com/7Zxwhlx6f.html,三井住友カード
2026/05/26 14:54:00,https://vandaonguyenflooring.com/,三井住友カード
2026/05/26 14:57:00,https://libangshou.com/UxpTtcxLpmEzf/callback,三井住友カード
2026/05/26 14:21:00,https://pairs.fujifindjp.com/,ペアーズ
2026/05/26 14:29:00,https://insideoutservicemart.com/?type=verify&key=ictrxbepfs,マネックス証券
2026/05/26 15:18:00,https://zsgdntma6w87.kkfox.com/refund.php,ETC利用照会サービス
2026/05/26 15:34:00,https://jianhuangsi.com/?label=b309efa9b337da70fac063f179b6d74d,三井住友カード
2026/05/26 15:22:00,https://architectsmall.com/mkhodsf/sdfwe/dsf/w220/,三井住友カード
2026/05/26 15:22:00,https://thegirlinthebluebramovie.com/mkhodsf/sdfwe/dsf/w220/,三井住友カード
2026/05/26 15:39:00,https://ebuycomputer.com/,三井住友カード
2026/05/26 15:41:00,https://smbc-card.devijverspecialist.com/login-index/,三井住友カード
2026/05/26 15:57:00,https://fundpeak.xyz/,SMBC日興証券
2026/05/26 16:22:00,https://kddi.safe-jp.com/login/,KDDI
2026/05/26 16:22:00,https://kddi.safe-jp.com/login/#/index,KDDI
2026/05/26 16:45:00,https://jcbincome.com/,JCB
2026/05/26 16:53:00,https://2ttdsplixez82c9jei40.s3.eu-west-1.amazonaws.com/2FvFmu3n0.html,三井住友カード
2026/05/26 16:54:00,https://dmugs99q4lxcwtlpzrjp.s3.eu-west-3.amazonaws.com/1lwGIIXcr.html,三井住友カード
2026/05/26 16:56:00,https://0j0itq9xhsvy4zc1lrcl.s3.eu-north-1.amazonaws.com/7xjaDHrqz.html,三井住友カード
2026/05/26 17:05:00,https://4cen8czyhzwzjhcmbzo1.s3.eu-west-2.amazonaws.com/taHMGAtGU.html,三井住友カード
2026/05/26 17:14:00,https://lchsjl.com/review/aOdCOHVRRQPwY,三井住友カード
2026/05/26 17:14:00,https://libangshou.com/UxpTtcxLpmEzf/callback,三井住友カード
2026/05/26 17:14:00,https://chinamaichi.com/VHmUstgbdUzt/redirect,三井住友カード
2026/05/26 15:26:00,https://baotongdai.com/xzcnugkv/,Amazon
2026/05/26 15:31:00,https://www.serpa.cn/?bjRpcdSPNah4&type=vpoint,NTT docomo
2026/05/26 17:17:00,https://mailpi-pvkima.com/MOpFFQ1dAU8/,三井住友カード
2026/05/26 17:17:00,https://mailpi-rwrvpa.com/MOpFFQ1dAU8/,三井住友カード
2026/05/26 17:17:00,https://mailpi-zpznbd.com/MOpFFQ1dAU8,三井住友カード
2026/05/26 17:25:00,https://eki-netx.com/jp,えきねっと
2026/05/26 17:29:00,https://ekinet-jrpoints.help/_login_index,えきねっと
2026/05/26 17:48:00,https://mahfskw.cn/youzhengs/,日本郵便
2026/05/26 17:48:00,https://mogvqsx.cn/youzhengs/,日本郵便
2026/05/26 17:48:00,https://rbovkxu.cn/youzhengs/,日本郵便
2026/05/26 17:52:00,https://shandongpeople.com/kA1MM6eDyn,日本郵便
2026/05/26 17:51:00,https://smbc-card.sabinelanguageservice.com/login-index/,三井住友カード
2026/05/27 09:50:00,https://fsshuangxiong.com/meisai.jp/index.html,MICARD
2026/05/27 10:09:00,https://login.reduzb.cn/?A97EWLEm75of&type=vpoint,NTT docomo
2026/05/27 10:09:00,https://www.reduzb.cn/?UJMQtbWuelCR&type=vpoint,NTT docomo
2026/05/27 10:09:00,https://www.6-888.cn/?SkSTvHtTHY9K&type=vpoint,NTT docomo
2026/05/27 10:09:00,https://www.lf4.cn/?01B6s2MyvsXU&type=vpoint,NTT docomo
2026/05/27 10:15:00,https://1sh.pl/15M1ZB/,DHL
2026/05/27 10:15:00,https://1sh.pl/IYjMZi/,DHL
2026/05/27 10:18:00,https://www.sdyjgg.cn/home,Ponta Web
2026/05/27 10:37:00,http://nmagsqyoa.hgftqb.cn/yunmip/portual/jp/index_html/,任天堂
2026/05/27 10:30:00,https://bom.so/dVzj22/,SAISON CARD
2026/05/27 10:50:00,https://chinese-kaiyun-sports.com/wayhhway/,VISA
2026/05/27 10:50:00,https://cn-wap-9you.com/wayhhway/,VISA
2026/05/27 10:50:00,https://global-stake.com/wayhhway/,VISA
2026/05/27 10:50:00,https://index-zh-haixingsports.com/wayhhway/,VISA
2026/05/27 10:50:00,https://inti-zh-kaiyunsports.com/wayhhway/,VISA
2026/05/27 10:18:00,https://uatuaezikl.top/jp,SAISON CARD
2026/05/27 10:44:00,http://meekys.mtffx.cn/gpajp/accunt/lginox/,佐川急便
2026/05/27 11:26:00,https://www.siegemachine.cn/?nG8nDtDeCdto&type=ponta,Ponta Web
2026/05/27 11:26:00,https://login.winweb3.cn/?RN9bNfBgMZIG&type=ponta,Ponta Web
2026/05/27 11:26:00,https://login.ptzhsq.cn/?jjEBldqlhq39&type=ponta,Ponta Web
2026/05/27 11:26:00,https://www.ptzhsq.cn/?wWdJj3ynaQPp&type=ponta,Ponta Web
2026/05/27 11:26:00,https://login.kneevibers.cn/?h4OaSUudEzJq&type=ponta,Ponta Web
2026/05/27 11:26:00,https://www.70085.cn/?QH7bOIo0J2Yk&type=ponta,Ponta Web
2026/05/27 11:26:00,https://login.cloongaiot.cn/?djPcy7muf4Ep&type=ponta,Ponta Web
2026/05/27 11:26:00,https://www.jieyucc.cn/?Jd7rv9GmOOSr&type=ponta,Ponta Web
2026/05/27 11:26:00,https://www.aplusedu.com.cn/?se5R46bH1dg9&type=ponta,Ponta Web
2026/05/27 11:28:00,https://account-validation-service-u5.click/id-update,Apple Account
2026/05/27 11:34:00,https://www.sjbzbtg.com/,Apple Account
2026/05/27 11:24:00,https://iougfh.com/secure-store/,Apple Account
2026/05/27 11:47:00,https://puteur-ezgxhv.com/9UD8exVm0Ev/,Apple Account
2026/05/27 12:08:00,https://kuyutes.com/ids/opt_mail,@nifty
2026/05/27 13:37:00,https://30-egqimp0wsjwi9bmpo.s3.eu-south-2.amazonaws.com/t60CXFhmN.html,三井住友カード
2026/05/27 13:37:00,https://95v3c0vjsdsbo5v0dmi1.s3.eu-south-2.amazonaws.com/pxJctpoDp.html,三井住友カード
2026/05/27 13:37:00,https://djae0kvy0wwynemgf-q5.s3.eu-south-2.amazonaws.com/uzA6854Hg.html,三井住友カード
2026/05/27 13:37:00,https://eq6qnhac51njpfv8eb84.s3.eu-south-2.amazonaws.com/tzn2As1eS.html,三井住友カード
2026/05/27 13:37:00,https://h026d3cvuz1eq5lt0jxj.s3.eu-south-2.amazonaws.com/rTFnt89MC.html,三井住友カード
2026/05/27 13:37:00,https://ih4f9smy6muqx8mfxc3k.s3.eu-south-2.amazonaws.com/DkzCuU4Me.html,三井住友カード
2026/05/27 13:37:00,https://nt2s74owybq9nr20k7ec.s3.eu-south-2.amazonaws.com/qMTaapRN7.html,三井住友カード
2026/05/27 13:37:00,https://o9t3he6fxxjnq5d818k5.s3.eu-south-2.amazonaws.com/D1fSKHMNY.html,三井住友カード
2026/05/27 13:37:00,https://qfxn5da9lca0zsgeu80r.s3.eu-south-2.amazonaws.com/TUslopRVC.html,三井住友カード
2026/05/27 13:37:00,https://r29v21um1n25rrhz-nz8.s3.eu-south-2.amazonaws.com/TG7XX4LW0.html,三井住友カード
2026/05/27 13:37:00,https://rhx67gerdevsjatrgpjf.s3.eu-south-2.amazonaws.com/8pZivmAeN.html,三井住友カード
2026/05/27 13:37:00,https://v8wpawm-dk9iz7gc1chk.s3.eu-south-2.amazonaws.com/npZHGhkgv.html,三井住友カード
2026/05/27 13:37:00,https://yforb0p3pxfuj5hw0ym0.s3.eu-south-2.amazonaws.com/wmSveRMP0.html,三井住友カード
2026/05/27 13:37:00,https://ysbid2tae1kr4970tuf1.s3.eu-south-2.amazonaws.com/a5SZN1f8S.html,三井住友カード
2026/05/27 13:37:00,https://zbkkcp4e-yc9nny2-u7w.s3.eu-south-2.amazonaws.com/pVj6ymEfY.html,三井住友カード
2026/05/27 13:40:00,https://2-g41gvi6d1if8x48mrx.s3.eu-central-2.amazonaws.com/SVjPOGxkm.html,三井住友カード
2026/05/27 13:40:00,https://a-vdfthsx-io3yd3gkwl.s3.eu-central-2.amazonaws.com/4pSc3Zn0p.html,三井住友カード
2026/05/27 13:40:00,https://a3oo3b86i3hzoca9k2o5.s3.eu-central-2.amazonaws.com/X1eIo0na5.html,三井住友カード
2026/05/27 13:40:00,https://c7ck8ncv8pf7xitix1bv.s3.eu-central-2.amazonaws.com/E6PcIkzeW.html,三井住友カード
2026/05/27 13:40:00,https://enje6mfv-9jjrknsf0jy.s3.eu-central-2.amazonaws.com/jymDoshum.html,三井住友カード
2026/05/27 13:40:00,https://gl04sus0i8fcldjh2-o8.s3.eu-central-2.amazonaws.com/BKey7pk6M.html,三井住友カード
2026/05/27 13:40:00,https://rlpccwz3i6myyt1bx656.s3.eu-central-2.amazonaws.com/VWeyrkkCI.html,三井住友カード
2026/05/27 13:40:00,https://uk6d-hb5o6gmu0glloxs.s3.eu-central-2.amazonaws.com/ELyZ2BqBN.html,三井住友カード
2026/05/27 13:40:00,https://wnic2qts1ojh7n6qjqlm.s3.eu-central-2.amazonaws.com/qoTpW4jHp.html,三井住友カード
2026/05/27 13:40:00,https://zsq6j9enngsnt1igelnt.s3.eu-central-2.amazonaws.com/tAEtV7Ezj.html,三井住友カード
2026/05/27 13:38:00,https://gasb-casd.co/gsbd,イープラス
2026/05/27 13:40:00,https://icramrkzuyxsd.top/jp,マネックス証券
2026/05/27 13:40:00,https://iubtozwlwkucp.top/jp,マネックス証券
2026/05/27 13:40:00,https://nopmpmyskh.top/jp,マネックス証券
2026/05/27 13:40:00,https://rosdoqcmmt.top/jp,マネックス証券
2026/05/27 13:40:00,https://vpybnlfaxidyjyli.top/jp,マネックス証券
2026/05/27 13:42:00,https://2vwjar4m4she-hdeniuu.s3.eu-west-1.amazonaws.com/MRjbIZGzU.html,三井住友カード
2026/05/27 13:42:00,https://3dy09m2meff5d03zkepz.s3.eu-west-1.amazonaws.com/wTv7aRBaX.html,三井住友カード
2026/05/27 13:42:00,https://5-9pg03kkxkmslezo6k7.s3.eu-west-1.amazonaws.com/oiSpnVoIC.html,三井住友カード
2026/05/27 13:42:00,https://68m-qsz6-5gh1td9cm06.s3.eu-west-1.amazonaws.com/ZXGLpuEh7.html,三井住友カード
2026/05/27 13:42:00,https://8qsnlr8caz69mwepq09b.s3.eu-west-1.amazonaws.com/je2bZ4gFg.html,三井住友カード
2026/05/27 13:42:00,https://93q9mhkmfr4vekj2quu2.s3.eu-west-1.amazonaws.com/QHMQttHZx.html,三井住友カード
2026/05/27 13:42:00,https://b6kf0oo3talokzeahq5o.s3.eu-west-1.amazonaws.com/6ggEgFzG0.html,三井住友カード
2026/05/27 13:42:00,https://dhz1s0zej0i1dppq7ob7.s3.eu-west-1.amazonaws.com/IVDTLaLRD.html,三井住友カード
2026/05/27 13:42:00,https://eelfslounyk1wxe09lk0.s3.eu-west-1.amazonaws.com/X9GkyGtoo.html,三井住友カード
2026/05/27 13:42:00,https://fcu5lfitvw6wpvvm8ard.s3.eu-west-1.amazonaws.com/EFqQGH6cd.html,三井住友カード
2026/05/27 13:42:00,https://frpl-1q6sqf70x8fxssu.s3.eu-west-1.amazonaws.com/76oln6Dx7.html,三井住友カード
2026/05/27 13:42:00,https://l3-r0xb3560ipf16z02i.s3.eu-west-1.amazonaws.com/6YWVmkKeY.html,三井住友カード
2026/05/27 13:42:00,https://lz9c5dsl73jzc1d4vjce.s3.eu-west-1.amazonaws.com/4zLdqItbC.html,三井住友カード
2026/05/27 13:42:00,https://m7jfdyspd8q06zy3u7jm.s3.eu-west-1.amazonaws.com/Xhs9ARu7s.html,三井住友カード
2026/05/27 13:42:00,https://n2g4o30ix-ft4w0bwlyi.s3.eu-west-1.amazonaws.com/F11cHqFpq.html,三井住友カード
2026/05/27 13:42:00,https://tcg6tbdiwbx2qvgazt7t.s3.eu-west-1.amazonaws.com/uQK7QVvuc.html,三井住友カード
2026/05/27 13:42:00,https://vm8gm44lvd0m68i794tu.s3.eu-west-1.amazonaws.com/LzXnBiTIr.html,三井住友カード
2026/05/27 13:46:00,https://1wu160q-h3t73nr453oc.s3.eu-west-3.amazonaws.com/gcwffmqSY.html,三井住友カード
2026/05/27 13:46:00,https://2pos1pzgqoygp7cif6gi.s3.eu-west-3.amazonaws.com/zOGqtOfL2.html,三井住友カード
2026/05/27 13:46:00,https://531i56im-ee2vl-fkmcs.s3.eu-west-3.amazonaws.com/rCQy8j1iG.html,三井住友カード
2026/05/27 13:46:00,https://c9bbi7elk2z897ec7upc.s3.eu-west-3.amazonaws.com/mElGeaxpF.html,三井住友カード
2026/05/27 13:46:00,https://imi1brow-5ry6grt2jh2.s3.eu-west-3.amazonaws.com/KOc84RMJQ.html,三井住友カード
2026/05/27 13:46:00,https://n012nihi0f-9gztzi8zi.s3.eu-west-3.amazonaws.com/3YlZUsRwD.html,三井住友カード
2026/05/27 13:46:00,https://odmrs9vqyijpe4rlx1lu.s3.eu-west-3.amazonaws.com/JGs3R0R5E.html,三井住友カード
2026/05/27 13:46:00,https://or2u98p3seuk52evxbll.s3.eu-west-3.amazonaws.com/4fDjYjMcp.html,三井住友カード
2026/05/27 13:46:00,https://r1ss3557-5vmhmzeh9eb.s3.eu-west-3.amazonaws.com/6waK5Panl.html,三井住友カード
2026/05/27 13:46:00,https://v1-wrukhgol0tzxs6d-b.s3.eu-west-3.amazonaws.com/OvcaEbuW4.html,三井住友カード
2026/05/27 13:46:00,https://x2q-1r4pq-0x1zwde37y.s3.eu-west-3.amazonaws.com/0OycjOnsg.html,三井住友カード
2026/05/27 13:49:00,https://270xzhv52e09kfpi7o-i.s3.eu-north-1.amazonaws.com/0sJHpO52q.html,三井住友カード
2026/05/27 13:49:00,https://38a-9epzsfs1xr5go-7g.s3.eu-north-1.amazonaws.com/MkJ0Xx9XX.html,三井住友カード
2026/05/27 13:49:00,https://3zr3mwn0gzvpt8516j2n.s3.eu-north-1.amazonaws.com/NOyMkFncP.html,三井住友カード
2026/05/27 13:49:00,https://6f1pwo7et43y227jkktr.s3.eu-north-1.amazonaws.com/9f19ToDWt.html,三井住友カード
2026/05/27 13:49:00,https://7j13codtnv7zajzoms2e.s3.eu-north-1.amazonaws.com/5NFMOEV2b.html,三井住友カード
2026/05/27 13:49:00,https://7m6tmvmgu99fua-m0z07.s3.eu-north-1.amazonaws.com/L1bB98CRB.html,三井住友カード
2026/05/27 13:49:00,https://91xr5okz7eszp6uvq6xc.s3.eu-north-1.amazonaws.com/ayMo9Wmkn.html,三井住友カード
2026/05/27 13:49:00,https://gmu6powweflsvhvlli0g.s3.eu-north-1.amazonaws.com/zpv5oRMAS.html,三井住友カード
2026/05/27 13:49:00,https://gxqf7vj607d0eh2vzgp2.s3.eu-north-1.amazonaws.com/817RI0aMA.html,三井住友カード
2026/05/27 13:49:00,https://t5f5weywstrztubi-b0k.s3.eu-north-1.amazonaws.com/TMvQH7BRF.html,三井住友カード
2026/05/27 13:49:00,https://uv7so8f4-b1t-ytr3010.s3.eu-north-1.amazonaws.com/c2eT64yIf.html,三井住友カード
2026/05/27 13:49:00,https://vu3yixaa-elcku4k2tu5.s3.eu-north-1.amazonaws.com/BqU07efZ2.html,三井住友カード
2026/05/27 13:49:00,https://x57u7rhjvrzmejqvo83l.s3.eu-north-1.amazonaws.com/42PURgwXJ.html,三井住友カード
2026/05/27 13:49:00,https://zyi1az82ifevxrk134hw.s3.eu-north-1.amazonaws.com/qJodqtCua.html,三井住友カード
2026/05/27 13:52:00,https://1ag1bn60zmedgx84mloy.s3.eu-west-2.amazonaws.com/KqCbxVWpM.html,三井住友カード
2026/05/27 13:52:00,https://3jng6-vx65zdnn4tqmd6.s3.eu-west-2.amazonaws.com/ixzRuLzoq.html,三井住友カード
2026/05/27 13:52:00,https://8p0izfxc0tovhp5qso5e.s3.eu-west-2.amazonaws.com/WAfKHg24T.html,三井住友カード
2026/05/27 13:52:00,https://9o9mzx1qry1ma4i9ytxg.s3.eu-west-2.amazonaws.com/mb1bdixK2.html,三井住友カード
2026/05/27 13:52:00,https://b467oypv8kfa6kazbtnx.s3.eu-west-2.amazonaws.com/WmQaUMkoX.html,三井住友カード
2026/05/27 13:52:00,https://jtq1zdvxin19-91rhanx.s3.eu-west-2.amazonaws.com/I1sLg1gnP.html,三井住友カード
2026/05/27 13:52:00,https://k13aut33nojtv8t44mjs.s3.eu-west-2.amazonaws.com/lPDkkfC8P.html,三井住友カード
2026/05/27 13:52:00,https://qak380szbrdfktkmc3-1.s3.eu-west-2.amazonaws.com/eatmmSYQV.html,三井住友カード
2026/05/27 13:52:00,https://z11nj-fs-t63enh0dn-u.s3.eu-west-2.amazonaws.com/SGjAqqKUx.html,三井住友カード
2026/05/27 14:00:00,https://bll2ot.cn/youzhengs/,日本郵便
2026/05/27 14:00:00,https://krgmged.cn/youzhengs/,日本郵便
2026/05/27 14:00:00,https://ekinet-jreastcenter.help,えきねっと
2026/05/27 14:00:00,https://ekinet-jreastcenter.help/,えきねっと
2026/05/27 14:00:00,https://ekinet-jreastcenter.help/_login_index,えきねっと
2026/05/27 14:00:00,https://ekinet-jreastcenter.help/home,えきねっと
2026/05/27 14:00:00,https://ekinet-jreastcenter.help/ipurykmf,えきねっと
2026/05/27 14:00:00,https://ekinet-jreastconter.help,えきねっと
2026/05/27 14:00:00,https://ekinet-jreastconter.help/,えきねっと
2026/05/27 14:00:00,https://ekinet-jreastconter.help/_login_index,えきねっと
2026/05/27 14:00:00,https://ekinet-jreastconter.help/home,えきねっと
2026/05/27 14:00:00,https://ekinet-jreastconter.help/ipurykmf,えきねっと
2026/05/27 14:00:00,https://ekinet-jreastmenber.help,えきねっと
2026/05/27 14:00:00,https://ekinet-jreastmenber.help/,えきねっと
2026/05/27 14:00:00,https://ekinet-jreastmenber.help/_login_index,えきねっと
2026/05/27 14:00:00,https://ekinet-jreastmenber.help/home,えきねっと
2026/05/27 14:00:00,https://ekinet-jreastmenber.help/ipurykmf,えきねっと
2026/05/27 14:00:00,https://ekinet-jreastnnipon.help,えきねっと
2026/05/27 14:00:00,https://ekinet-jreastnnipon.help/,えきねっと
2026/05/27 14:00:00,https://ekinet-jreastnnipon.help/_login_index,えきねっと
2026/05/27 14:00:00,https://ekinet-jreastnnipon.help/home,えきねっと
2026/05/27 14:00:00,https://ekinet-jreastnnipon.help/ipurykmf,えきねっと
2026/05/27 14:00:00,https://ekinet-jreastpoints.help,えきねっと
2026/05/27 14:00:00,https://ekinet-jreastpoints.help/,えきねっと
2026/05/27 14:00:00,https://ekinet-jreastpoints.help/_login_index,えきねっと
2026/05/27 14:00:00,https://ekinet-jreastpoints.help/home,えきねっと
2026/05/27 14:00:00,https://ekinet-jreastpoints.help/ipurykmf,えきねっと
2026/05/27 14:08:00,https://bcjb6ga1p3urhhw5p27n.s3.eu-south-1.amazonaws.com/j4QGER1ed.html,三井住友カード
2026/05/27 14:08:00,https://db0aw66aggonqexktyh0.s3.eu-south-1.amazonaws.com/Ur4acBOHQ.html,三井住友カード
2026/05/27 14:08:00,https://elvinbc480ybgu2sd631.s3.eu-south-1.amazonaws.com/OecHFBEdC.html,三井住友カード
2026/05/27 14:08:00,https://fzu2oggdrd8lobymzyew.s3.eu-south-1.amazonaws.com/e8lxFRo2t.html,三井住友カード
2026/05/27 14:08:00,https://g2jb4kw75klwr3pjo7i4.s3.eu-south-1.amazonaws.com/be9c2y69P.html,三井住友カード
2026/05/27 14:08:00,https://idgfkyme-75dlcwexcol.s3.eu-south-1.amazonaws.com/Gb9l0QO4V.html,三井住友カード
2026/05/27 14:08:00,https://ijg9ihat1sm0eab5cuj4.s3.eu-south-1.amazonaws.com/pTOCYbPX7.html,三井住友カード
2026/05/27 14:08:00,https://n2z-3dnqiaoa1kaontwb.s3.eu-south-1.amazonaws.com/jMK1MSReF.html,三井住友カード
2026/05/27 14:08:00,https://odv-znqstygunhpbx1iv.s3.eu-south-1.amazonaws.com/V82rRmNQe.html,三井住友カード
2026/05/27 14:08:00,https://roo-0jr7z07utj1awm3b.s3.eu-south-1.amazonaws.com/Wjj1QWj3t.html,三井住友カード
2026/05/27 14:08:00,https://t8puh556a13hk9kmx7d6.s3.eu-south-1.amazonaws.com/Zn411rh1y.html,三井住友カード
2026/05/27 14:08:00,https://v-uv2unam-7jdk17xq5j.s3.eu-south-1.amazonaws.com/eN1pybDm1.html,三井住友カード
2026/05/27 14:08:00,https://vta06s0t8zbg2mmvrmtz.s3.eu-south-1.amazonaws.com/Ss4RFsKT4.html,三井住友カード
2026/05/27 14:08:00,https://ytgdhv0o14grtw0xrwft.s3.eu-south-1.amazonaws.com/g3E6JAV5D.html,三井住友カード
2026/05/27 14:08:00,https://zfyozgtan6azoi1c3cfd.s3.eu-south-1.amazonaws.com/P6MdBG2g6.html,三井住友カード
2026/05/27 14:14:00,https://www.havrixa.com/qrpcslge,三井住友カード
2026/05/27 14:21:00,https://granyh.com/qfkswnwl/,三井住友カード
2026/05/27 14:41:00,https://theaacompany.com/click/SMRRgQuhyb,三井住友カード
2026/05/27 14:41:00,https://smbc-bank.attrezzaturalavoro.com/zkpsqllk/?memx=force=NW7340T5C7B0N,三井住友カード
2026/05/27 14:41:00,https://njauctionsale.com/?label=bef3421f638a1cf0186fe5e0b0462ec5,三井住友カード
2026/05/27 15:04:00,https://qvfhwfh.ztvpanm.cn/apusetop/jupindx/,Apple Account
2026/05/27 15:04:00,http://qvfhwfh.ztvpanm.cn/apusetop/jupindx/,Apple Account
2026/05/27 15:06:00,https://ar0010.cn/icloudss/,Apple Account
2026/05/27 15:08:00,https://darkinquisition.com/secure-store3/,Apple Account
2026/05/27 15:08:00,https://globalgroomers.com/secure-store3/,Apple Account
2026/05/27 15:14:00,https://www.wardka.cn/?Ft5BPIIHCjm6&type=vpoint,NTT docomo
2026/05/27 15:14:00,https://login.sh-dxdl.com/?RQqTLrwuJ4wN&type=dpoint,NTT docomo
2026/05/27 15:14:00,https://www.ulreaip.com/?sUETRi6N27cI&type=dpoint,NTT docomo
2026/05/27 15:14:00,https://login.finhcn.com/?5ffMnFVYBFzR&type=dpoint,NTT docomo
2026/05/27 15:28:00,https://www.hhcarbar.cn/?u6RyIzCQSQk0&type=jrepoint,楽天
2026/05/27 15:28:00,https://www.hzyoujie.cn/?JKqUqN4f4U0Z&type=jrepoint,楽天
2026/05/27 15:25:00,https://lvlemme.cn/youzhengs/,日本郵便
2026/05/27 15:49:00,https://osaka-xlizba.com/HKcjiCeqghv/,イオンカード
2026/05/27 15:37:00,https://fyqcm.com/,メルカリ
2026/05/27 15:37:00,https://niftyux.com/,メルカリ
2026/05/27 15:54:00,https://bz2sphh0sxh331go7396.s3.eu-west-3.amazonaws.com/DgxAK2ClA.html,イオンカード
2026/05/27 15:57:00,https://kky3f4wwgniqlbuvi1k9.s3.eu-west-2.amazonaws.com/j5k61fJae.html,イオンカード
2026/05/27 16:02:00,https://g96i7xozi19sjlysuh-u.s3.eu-south-1.amazonaws.com/Ia75hVNJC.html,イオンカード
2026/05/27 17:16:00,https://1sh.pl/oyBt7e/,DHL
2026/05/27 17:18:00,https://my-view.suonolivemusic.com/tbhfqqhe/?def=ault=K0ZXX46BSL,ビューカード
2026/05/27 17:18:00,https://my-view.scarpeperuomo.com/tbhfqqhe/?def=ault=DZR6RQN8,ビューカード
2026/05/27 17:18:00,https://my-view.stilettoitaliani.com/tbhfqqhe/?def=ault=KA0EUCLN7,ビューカード
2026/05/27 17:18:00,https://my-view.tecnologiacasa.com/tbhfqqhe/?def=ault=DUM1SEF404DV,ビューカード
2026/05/27 17:18:00,https://my-view.musicaterapiaitalia.com/tbhfqqhe/?def=ault=GO6VBB1FI,ビューカード
2026/05/27 17:24:00,https://lg-teleram.com/pJepGXxc/,イープラス
2026/05/27 17:14:00,https://03drone.jp/dhx/app/,DHL
2026/05/27 17:51:00,https://login.i-zh-raygaming.com/signin?acr_values=urn:mercari:acr:sf&nonce=lLciYRT9n6obvoWq5FsqzYvZZCJhWMuqShNhq3ZpPfgS1i4i,メルカリ
2026/05/28 10:03:00,https://b7i3t3vrx3wohcshx5n5jb65l.s3.eu-west-2.amazonaws.com/byRzsF8LokB.html,イオンカード
2026/05/28 10:03:00,https://n5upbnu41y7q-ump67rzk06gh.s3.eu-west-2.amazonaws.com/FeVWABmLl4W.html,イオンカード
2026/05/28 10:03:00,https://p1lmgpojueeunnseknmbtxf9h.s3.eu-west-2.amazonaws.com/uyZmtmIkRnW.html,イオンカード
2026/05/28 10:25:00,https://willowquiver.com/lmuuddct/,イオンカード
2026/05/28 11:00:00,https://login.siegemachine.cn/?WbFBQZaF3lkK&type=ponta,PayPay
2026/05/28 11:00:00,https://www.hncnny.cn/?MfG2hcTonbQC&type=ponta,PayPay
2026/05/28 11:00:00,https://login.zyfin.cn/?scfwdpCozNJ8&type=ponta,PayPay
2026/05/28 11:00:00,https://www.zyfin.cn/?7JjUvgDbl5qA&type=ponta,PayPay
2026/05/28 11:00:00,https://login.kneevibers.cn/?WLXE1ugaNakq&type=ponta,PayPay
2026/05/28 11:00:00,https://www.cloongaiot.cn/?WqiGkHvwBGF2&type=ponta,PayPay
2026/05/28 11:00:00,https://www.cloongaiot.cn/?U0kAt5WDjFAD&type=ponta,PayPay
2026/05/28 11:00:00,https://login.winweb3.cn/?jUXYzlh5W7L2&type=ponta,PayPay
2026/05/28 11:00:00,https://login.mtacre.com/?SkTrKlALRYFQ&type=ponta,PayPay
2026/05/28 11:00:00,https://www.jieyucc.cn/?IbvNe3T5aSfb&type=ponta,PayPay
2026/05/28 11:00:00,https://www.ezni.cn/?TJJ8zLSJfdca&type=ponta,PayPay
2026/05/28 11:00:00,https://login.aplusedu.com.cn/?OzonAC5y697q&type=ponta,PayPay
2026/05/28 11:48:00,https://www.xingchoumou.cn/?FSi35kcPl35k&type=rakuten,WAON POINT
2026/05/28 11:48:00,https://login.hyraa.cn/?xSol0OA98RL3&type=rakuten,WAON POINT
2026/05/28 11:48:00,https://login.odqlv.cn/?bsI17Q2heWKm&type=rakuten,WAON POINT
2026/05/28 11:45:00,https://login.aosw.cn/?IDjNF948Vq90&type=jrepoint,LINE
2026/05/28 13:35:00,https://my-view.suonolivemusic.com/tbhfqqhe,ビューカード
2026/05/28 13:35:00,http://my-view.suonolivemusic.com/tbhfqqhe/,ビューカード
2026/05/28 13:35:00,https://my-view.handmadetoysandgifts.com/tbhfqqhe,ビューカード
2026/05/28 13:35:00,http://my-view.handmadetoysandgifts.com/tbhfqqhe/,ビューカード
2026/05/28 13:35:00,https://my-view.tecnologiacasa.com/tbhfqqhe,ビューカード
2026/05/28 13:35:00,http://my-view.tecnologiacasa.com/tbhfqqhe/,ビューカード
2026/05/28 13:35:00,https://my-view.arredamentocucinafacile.com/tbhfqqhe,ビューカード
2026/05/28 13:35:00,http://my-view.arredamentocucinafacile.com/tbhfqqhe/,ビューカード
2026/05/28 13:35:00,https://my-view.theperfectlivingroom.com/tbhfqqhe,ビューカード
2026/05/28 13:35:00,http://my-view.theperfectlivingroom.com/tbhfqqhe/,ビューカード
2026/05/28 13:35:00,https://my-view.musicaterapiaitalia.com/tbhfqqhe,ビューカード
2026/05/28 13:35:00,http://my-view.musicaterapiaitalia.com/tbhfqqhe/,ビューカード
2026/05/28 15:32:00,https://cmkza.com/3TveoX,NTT docomo
2026/05/28 15:35:00,https://login.545684.com/?ifGBFy74dm0k&type=dpoint,NTT docomo
2026/05/28 15:35:00,https://login.he824.cn/?4p1yOBRPofM6&type=vpoint,NTT docomo
2026/05/28 15:35:00,https://www.he824.cn/?W5jnEEGiDhjf&type=vpoint,NTT docomo
2026/05/28 15:35:00,https://login.hotplants.cn/?rOaNmiB3OFOi&type=vpoint,NTT docomo
2026/05/28 15:43:00,https://tgjianshe.com/?label=550061a93045635aa617f49d8b35991f,三井住友カード
2026/05/28 15:49:00,https://cff-paypay.gunazab.com/pgivlXpr,PayPayカード
2026/05/28 15:42:00,https://login.zcbpwx.com,LINE
2026/05/28 15:40:00,https://login.ysjyrc.com,LINE
2026/05/28 15:40:00,https://www.ysjyrc.com,LINE
2026/05/28 15:49:00,https://login.jxmaxf119.com,LINE
2026/05/28 15:51:00,https://login.vfuli.com.cn,WAON POINT
2026/05/28 15:57:00,https://login.zh-lzzb.com,イオンカード
2026/05/28 15:58:00,https://www.gzhrkj8.com,LINE
2026/05/28 16:49:00,https://ilappa.com/secure-store/,Apple Account
2026/05/28 16:50:00,https://account-validation-service-v5.lat/id-update,Apple Account
2026/05/28 16:51:00,https://www.zqsjswyb.com/?ukWOsUgjPKaQ&type=line,LINE
2026/05/28 16:55:00,https://ar8566.cn/icloudss/,Apple Account
2026/05/28 16:55:00,https://ar9018.cn/icloudss/,Apple Account
2026/05/28 16:55:00,https://gzzruew.cn/icloudss/,Apple Account
2026/05/28 16:55:00,https://ovqbyry.cn/icloudss/,Apple Account
2026/05/28 16:55:00,https://qsslvn.cn/icloudss/,Apple Account
2026/05/28 16:55:00,https://vsineuq.cn/icloudss/,Apple Account
2026/05/28 16:55:00,https://yreksiz.cn/icloudss/,Apple Account
2026/05/28 16:57:00,https://hagouniatantan-hotel.com/secure-store/,Apple Account
2026/05/28 17:02:00,https://www.home-lvyinzhibo.com/,Apple Account
2026/05/28 17:02:00,https://www.enter-eonsports.com/,Apple Account
2026/05/28 17:02:00,https://021ppoe.com/jyjpxtkh/,Apple Account
2026/05/28 17:02:00,https://www.mobile-renren.com/,Apple Account
2026/05/28 17:02:00,https://natalie-nd.com/jyjpxtkh/,Apple Account
2026/05/28 17:02:00,https://www.front-eonsports.com/,Apple Account
2026/05/28 17:12:00,https://maszhongsen.com/hxcxibnr/,Apple Account
2026/05/28 16:14:00,https://login.luhenggm.com/?VL1YfpjTwxLn&type=jrepoint,LINE
2026/05/28 16:14:00,https://login.fyqtyy.com/?727LU15Rc3YG&type=jrepoint,LINE
2026/05/28 16:14:00,https://www.fyqtyy.com/?qpgh6tzb5tCJ&type=rakuten,LINE
2026/05/28 16:35:00,https://www.weizhon.cn/?waGXbYyqfNeO&type=vpoint,NTT docomo
2026/05/28 16:35:00,https://www.jsbt56.cn/?0O25jHmUxOjx&type=vpoint,NTT docomo
2026/05/28 16:35:00,https://www.mckwgh.cn/?5aovzRWYOcWQ&type=vpoint,NTT docomo
2026/05/28 16:30:00,https://www.myxin.cn/?FgT5cgFQcoMM&type=jrepoint,LINE
2026/05/28 16:30:00,https://login.kpxrmtzx.com.cn/?5peQNAoSaAXf&type=jrepoint,LINE
2026/05/28 16:30:00,https://login.yeyoushen.com.cn/?j6pQlndRhfxe&type=jrepoint,LINE
2026/05/28 16:30:00,https://login.dlxrj.cn/?aXYXugbSGaid&type=jrepoint,LINE
2026/05/28 16:30:00,https://login.dlxrj.cn/?FUhH5ms7s9VF&type=jrepoint,LINE
2026/05/28 17:20:00,https://udvlcno.cn/youzhengs/,日本郵便
2026/05/28 17:20:00,https://fywdqvr.cn/youzhengs/,日本郵便
2026/05/28 17:20:00,https://wyddeck.cn/youzhengs/,日本郵便
2026/05/28 17:47:00,https://www.beequickly.cn/?Icp8m9O9hMKa&type=ponta,PayPay
2026/05/28 17:47:00,https://login.yookings.com/?4TbTfOq63tVy&type=ponta,PayPay
2026/05/28 17:53:00,https://login.yndeyi.com/?ecEk0ZrCdFbT&type=ponta,PayPay
2026/05/28 17:53:00,https://login.linxicha.cn/?9hUUlTvNQnI0&type=ponta,PayPay
2026/05/28 17:53:00,https://login.shunchy.com/?5NufepmxAuSD&type=ponta,PayPay
2026/05/28 17:53:00,https://login.rxhy56.com/?fybMponc0onM&type=ponta,PayPay
2026/05/28 17:35:00,https://nintendo.huangrenji.com/vsqftcer/,任天堂
2026/05/28 17:35:00,https://www.jszyjsryxw.com/lWgkLywh/ltxdWwSI,任天堂
2026/05/28 17:55:00,https://te4gxhg1esd09e9i.s3.sa-east-1.amazonaws.com/fTeWhpbx.html,Amazon
2026/05/28 17:57:00,https://a39ixmyl496uwx.s3.eu-west-2.amazonaws.com/HpD4rvCR.html,Amazon
2026/05/28 17:58:00,https://www.rpqvkz.com/?QSRxTvX419xZ&type=waon,WAON POINT
2026/05/28 17:58:00,https://www.wrcijg.com/?wdq3ifLAV1sR&type=waon,WAON POINT
2026/05/28 18:00:00,https://chrisellaloans.com/pfdjfddr/,Amazon
2026/05/28 18:00:00,https://predatoryseo.com/pfdjfddr/,Amazon
2026/05/28 18:03:00,https://www.zqjzsj.com/?TTRI7UB3orxf&type=jrepoint,LINE
2026/05/29 09:53:00,https://alwlly.cn/EFIv6fhl9R.kumamoto-city.jp,Amazon
2026/05/29 09:53:00,https://alwlly.cn/Gl0KZBvUWf.cfm,Amazon
2026/05/29 09:53:00,https://alwlly.cn/ZsLGZmAH3R.coop,Amazon
2026/05/29 09:59:00,https://ar6797.cn/amazonsadsa/,Amazon
2026/05/29 09:59:00,https://dyw5fp.cn/amazonsadsa/,Amazon
2026/05/29 09:59:00,https://ebaruzr.cn/amazonsadsa/,Amazon
2026/05/29 09:59:00,https://ejtdqs.cn/amazonsadsa/,Amazon
2026/05/29 09:59:00,https://hknykz.cn/amazonsadsa/,Amazon
2026/05/29 09:59:00,https://loarvib.cn/amazonsadsa/,Amazon
2026/05/29 09:59:00,https://pesrsgp.cn/amazonsadsa/,Amazon
2026/05/29 09:59:00,https://tshyunw.cn/amazonsadsa/,Amazon
2026/05/29 10:04:00,https://wap-yihao.com/,Amazon
2026/05/29 10:04:00,https://mobile-ayxsports.com/,Amazon
2026/05/29 10:29:00,https://login.307s.cn/?gCsszAuf1wxN&type=jrepoint,LINE
2026/05/29 10:29:00,https://www.gzhrkj8.com,LINE
2026/05/29 10:29:00,https://login.gzhrkj8.com/?DfKr4OZpPmhq&type=jrepoint,LINE
2026/05/29 10:29:00,https://login.zqjzsj.com/?4ZprupNtKKfi&type=jrepoint,LINE
2026/05/29 10:29:00,https://www.zqjzsj.com/?p20TpUeCXsm2&type=rakuten,LINE
2026/05/29 09:38:00,https://www.zz-dscz.com,LINE
2026/05/29 09:44:00,https://login.yingzhusheji.cn,WAON POINT
2026/05/29 09:48:00,https://login.sgzdfq.com,LINE
2026/05/29 09:48:00,https://www.sgzdfq.com,LINE
2026/05/29 09:53:00,https://www.gzlzs88.com,LINE
2026/05/29 09:56:00,https://www.lighthousespace.com,LINE
2026/05/29 10:14:00,https://login.xintonglian.net,WAON POINT
2026/05/29 10:14:00,https://www.xintonglian.net,WAON POINT
2026/05/29 10:54:00,https://login.kinpersen.com,LINE
2026/05/29 10:54:00,https://www.kinpersen.com,LINE
2026/05/29 11:24:00,https://www.apeng8.com/?4YcGKkaWTX0Q&type=waon,WAON POINT
2026/05/29 11:24:00,https://www.rpqvkz.com/?QSRxTvX419xZ&type=waon,WAON POINT
2026/05/29 11:24:00,https://login.rpqvkz.com/?S1TxlWlnD8G7&type=waon,WAON POINT
2026/05/29 11:24:00,https://www.dnmkj.com/home,WAON POINT
2026/05/29 11:41:00,https://cfvijde.cn/visasad/,VISA
2026/05/29 11:41:00,https://elzeatm.cn/visasad/,VISA
2026/05/29 11:41:00,https://sdqyebu.cn/visasad/,VISA
2026/05/29 11:41:00,https://wyduhrj.cn/visasad/,VISA
2026/05/29 11:37:00,https://hkpqqm.cn/QGk0vqsPlF.tokyo.com/,VISA
2026/05/29 11:37:00,https://hkpqqm.cn/UJJVMwB42j.jpn.com/,VISA
2026/05/29 11:37:00,https://hkpqqm.cn/fzHpXBvmOW.html,VISA
2026/05/29 11:37:00,https://hkpqqm.cn/lFmmUiLPL8.sagamihara.jp,VISA
2026/05/29 11:37:00,https://zvvtmo.cn/6IP0W3InlB.kyoto.com/,VISA
2026/05/29 11:37:00,https://zvvtmo.cn/JeyoNH4wzb.tokyo.com/,VISA
2026/05/29 11:37:00,https://zvvtmo.cn/TpRiyUDtsL.shizuoka.jp,VISA
2026/05/29 11:37:00,https://zvvtmo.cn/b5PeRUjYiL.xxx,VISA
2026/05/29 11:37:00,https://zvvtmo.cn/oBpZBxW6gM.nagoya.com/,VISA
2026/05/29 11:37:00,https://zvvtmo.cn/r7wzdxZpRo.akashi.jp,VISA
2026/05/29 11:37:00,https://zvvtmo.cn/uMibYxAuG1.ac.jp,VISA
2026/05/29 11:45:00,https://www.service.fangshunyf.com/sewno1axm,ETC利用照会サービス
2026/05/29 12:05:00,https://kahoucd.com/?type=verify&key=umqjofdpyk,三井住友カード
2026/05/29 12:11:00,https://ddhytvlzgrqg.top/jp,SAISON CARD
2026/05/29 12:11:00,https://soublcshrugoc.top/jp,SAISON CARD
2026/05/29 12:16:00,https://srmjzlnmxmy.top/jp,三井住友カード
2026/05/29 11:26:00,https://www.zrkj-gps.com/?bNSUCzWMtPgm&type=ponta,PayPay
2026/05/29 11:26:00,https://login.aumaple.com/?boN0W0plgJKu&type=ponta,PayPay
2026/05/29 13:32:00,https://nejrnux.cn/39CmHrvUqb.jpn.com/,Mastercard
2026/05/29 13:32:00,https://nejrnux.cn/E08Frdwxo8.hokkaido.jp,Mastercard
2026/05/29 13:32:00,https://nejrnux.cn/JEMONQjbDL.kyoto.com,Mastercard
2026/05/29 13:32:00,https://nejrnux.cn/MJs2qZtCpq.rb,Mastercard
2026/05/29 13:32:00,https://nejrnux.cn/P2ALVpasUs.osaka.com/,Mastercard
2026/05/29 13:32:00,https://nejrnux.cn/vsMry7RvUD.io,Mastercard
2026/05/29 13:32:00,https://xvnagg.cn/1GnC7wYFU4.tokyo.com/,Mastercard
2026/05/29 13:32:00,https://xvnagg.cn/1xN8qassU3.sagamihara.jp,Mastercard
2026/05/29 13:32:00,https://xvnagg.cn/4bu7cea8Ej.aomori.jp,Mastercard
2026/05/29 13:32:00,https://xvnagg.cn/5A8FV6QcUq.museum,Mastercard
2026/05/29 13:32:00,https://xvnagg.cn/Ez9r2vcj60.toyama.jp,Mastercard
2026/05/29 13:32:00,https://xvnagg.cn/RablG7vPWy.nagano.jp,Mastercard
2026/05/29 13:32:00,https://xvnagg.cn/WcTj7ugQoG.asp,Mastercard
2026/05/29 13:32:00,https://xvnagg.cn/dQqB32H6zm.aichi.jp,Mastercard
2026/05/29 13:32:00,https://xvnagg.cn/nBpwaX2uvY.nagoya.com/,Mastercard
2026/05/29 13:32:00,https://xvnagg.cn/tPWykgP0zo.aomori.jp,Mastercard
2026/05/29 13:32:00,https://xvnagg.cn/uhuwLRHHrw.tokyo.com,Mastercard
2026/05/29 13:32:00,https://xvnagg.cn/uhuwLRHHrw.tokyo.com/,Mastercard
2026/05/29 13:36:00,https://ihixyer.cn/wanshidasss/,Mastercard
2026/05/29 13:36:00,https://jczcrjc.cn/wanshidasss/,Mastercard
2026/05/29 13:36:00,https://lhnbtjf.cn/wanshidasss/,Mastercard
2026/05/29 13:36:00,https://niybakf.cn/wanshidasss/,Mastercard
2026/05/29 13:36:00,https://owtdwm.cn/wanshidasss/,Mastercard
2026/05/29 13:36:00,https://qoafnqs.cn/wanshidasss/,Mastercard
2026/05/29 13:36:00,https://qrinczt.cn/wanshidasss/,Mastercard
2026/05/29 13:36:00,https://thvyhun.cn/wanshidasss/,Mastercard
2026/05/29 13:36:00,https://yookqbl.cn/wanshidasss/,Mastercard
2026/05/29 13:36:00,https://ytmvotv.cn/wanshidasss/,Mastercard
2026/05/29 13:41:00,https://ivegbhk.cn/icloudss/,Apple Account
2026/05/29 13:41:00,https://klpmhaf.cn/icloudss/,Apple Account
2026/05/29 14:09:00,https://ahyidianyi.com/brand/VBwJOpphvyDXa,三井住友カード
2026/05/29 14:00:00,https://oysxqdk.cn/youzhengs/,日本郵便
2026/05/29 14:00:00,https://hilmwxd.cn/youzhengs/,日本郵便
2026/05/29 14:20:00,https://e-orico-card.homemakeoveressentials.com/uygizlny/?scripts=eorico=HJUSNBAZKTQ,オリコ
2026/05/29 14:20:00,https://e-orico-card.homemakeoveressentials.com/uygizlny/?scripts=eorico=HJUSNBAZKTQ,オリコ
2026/05/29 14:22:00,https://emgdzucqaxf.top/jp,三井住友カード
2026/05/29 14:22:00,https://pxdgcgbxvpnfk.top/jp,三井住友カード
2026/05/29 14:22:00,https://zdpwkoedhoyg.top/jp,三井住友カード
2026/05/29 14:25:00,https://osaka-tgtnht.com/DlP1TiDxfpc.html?token=YIWt6sgsKz15oxEe&_v=1779894252983&_s=4fwlpdjag9,三井住友カード
2026/05/29 14:25:00,https://thorunnsif.com/?label=72f471ca38c1277601225b8d6ef17c3f,三井住友カード
2026/05/29 13:44:00,https://qiongdating.com/hxcxibnr/,Apple Account
2026/05/29 14:01:00,https://www.czliekx.com/pbKauj,三井住友カード
2026/05/29 14:09:00,https://ahyidianyi.com/brand/VBwJOpphvyDXa,三井住友カード
2026/05/29 14:00:00,https://oysxqdk.cn/youzhengs/,日本郵便
2026/05/29 14:00:00,https://hilmwxd.cn/youzhengs/,日本郵便
2026/05/29 14:31:00,https://smbc-card.ezbuypay.com/login-index/,三井住友カード
2026/05/29 14:31:00,https://smbc-card.koosing.com/login-index/,三井住友カード
2026/05/29 14:17:00,https://brighatsart.com/iHQJOjv3urU,三井住友カード
2026/05/29 14:17:00,https://oypqfahsbn.com/iHQJOjv3urU,三井住友カード
2026/05/29 15:57:00,https://ekinet-jreidexune.help,えきねっと
2026/05/29 15:57:00,https://ekinet-jreidexune.help/,えきねっと
2026/05/29 15:57:00,https://ekinet-jreidexune.help/home,えきねっと
2026/05/29 15:57:00,https://ekinet-jremenbers.help,えきねっと
2026/05/29 15:57:00,https://ekinet-jremenbers.help/,えきねっと
2026/05/29 15:57:00,https://ekinet-jremenbers.help/home,えきねっと
2026/05/29 15:57:00,https://ekinet-jremenbers.help/lkktergty,えきねっと
2026/05/29 15:57:00,https://ekinet-jremenbers.help/tbhfqqhe,えきねっと
2026/05/29 15:57:00,https://ekinet-jremenbers.help/xcgaulnn,えきねっと
2026/05/29 15:57:00,https://ekinet-jrereilway.help,えきねっと
2026/05/29 15:57:00,https://ekinet-jrereilway.help/,えきねっと
2026/05/29 15:57:00,https://ekinet-jrereilway.help/home,えきねっと
2026/05/29 15:57:00,https://ekinet-jrereilway.help/lkktergty,えきねっと
2026/05/29 15:57:00,https://ekinet-jrereilway.help/tbhfqqhe,えきねっと
2026/05/29 15:57:00,https://ekinet-jrereilway.help/xcgaulnn,えきねっと
2026/05/29 14:40:00,https://fdz2wa4.top/m4gse8,JCB
2026/05/29 16:28:00,https://login.pc0377.com/?fwg8FXBND5d8,SAISON CARD
2026/05/29 16:28:00,https://www.pc0377.com/?SEcrnRe8rhSU,SAISON CARD
2026/05/29 16:28:00,https://www.pc0377.com/?SEcrnRe8rhSU,SAISON CARD
2026/05/29 16:28:00,https://www.bfkbzqwz.com/?82JCaxvzPSq1,SAISON CARD
2026/05/29 16:28:00,https://login.knukj.com/?gu33gmzn7NgK,SAISON CARD
2026/05/29 16:28:00,https://login.bfkcvqwz.com/?mjuYAevmg1ab,SAISON CARD
2026/05/29 16:28:00,https://login.bfkcxqwz.com/?yD328TOyO4be,SAISON CARD
2026/05/29 16:28:00,https://login.qmwkj.com/?wQtqqFDk8NdZ,SAISON CARD
2026/05/29 16:28:00,https://www.jzzkjvad.com/login,SAISON CARD
2026/05/29 16:31:00,https://rakuc.co/Ym,PayPay
2026/05/29 16:44:00,https://jposet.lat/.jp,日本郵便
2026/05/29 16:50:00,https://app-pg-queen.com/,楽天
2026/05/29 17:03:00,https://login.account.bnvbm.com/nwUgdJPT/,楽天カード
2026/05/29 17:51:00,https://www.xscllq.com/TCKPVQBOO,三井住友カード
2026/05/29 17:35:00,https://view-snet.90r2dsw.org.cn/VoMBnZQJ/?authid=GmionZoa,ビューカード
2026/05/29 17:35:00,https://view-snet.a4joi3m.org.cn/VoMBnZQJ/?authid=1JhF7W1I,ビューカード
2026/05/29 17:35:00,https://view-snet.bryancave.org.cn/VoMBnZQJ/?authid=5WyR6JSY,ビューカード
